loaded_row,Class,_dedup_key
78654,1,8526da930b82ae72daa6b9d42ada3e813cbb2aeb6711ce8b9781a578ac5b0b8d
80020,1,8947abcb35af2aff8835b4e5f391fa18d2ec24d63f1749067f4cb1c8d4fe409b
80771,1,5c714b57849f5db74bec130b5e9bbc29cf30cda81437e82d3e42b5ddeb03cb61
80982,1,abc86d57d195264ee9c59a0072122552f8e957291cfd554ac8bf43776434f1b0
82858,1,6d8cbe69fa9b88f69a4682f77790b53510e16800f1e9367b3175864354a95ec9
83281,1,32216cfb02d0179a033abc668bee658872f71267afa8a724a3a1d7c652d34930
84239,1,244ea8155ab4ecc73f902b46fead557fb114864d07640ba85100281494479cdc
84381,1,611e3975c9afeb7e855f72ddb4f8de49e1d1acc3e153bdc4b299c884cc303906
84876,1,4fe1ce0c662a87aa16ddc84717cd6b296e29d40045fd24f8d8fb760d8ad6fc27
84978,1,fb03e2709c0d71d48154a2bbb9e8b0f4c332c1d592cfaaaaafc218b96984c63b
85169,1,e99f0a8d20320758d84dcc2495f5c5b2ce1251548028b60c03f6a205d49b1bdb
86315,1,2a4a7e1a6004e3e3296ee09a0969c245aad48cee822478d0d01f15b5c9dfe287
86323,1,322a6054b33f83de38bf7c9f9606bde07cb2e1e2f9dd7216add94b31d2c9ef3e
86379,1,43222719b062244a63bb1931c35509f12d8add63a590f06183369d9f0b797f38
87158,1,d47d833137ab87f908397ae68e2b7b848be0d85587e03f8c3bff2f59d87c143c
87418,1,b71803b77197e8a05c319a13656e672d9aa8e430bf2a97c0d12aab6519ce9826
87800,1,39cf863e5714a705a21fd992c33c2582cb283345f496bfa6c32502d2d460b97d
89115,1,708daa5a1edda0dee186c8758ba5a61270dc00d09d828e2b477e8c213368f17e
89291,1,90b4d124d10214f6faceab7a3fa4455fd05c918391869d4a68aa1042c6fbe5fe
89294,1,792d83b03d7c28cf8f1db62cb5b45617e585a0e1864ab18c01ae2ed48f6328db
89499,1,b1d47db335e895fb4be918e3a813d58a522e5da95359869cdbf781951d7bc878
89514,1,f91fea036b19323e398763eedd39fbd9065cc59eb1660baddde2ff7bb41583bc
89825,1,061df18dd44d8bd03bd304533d170e8bfa0dfa24080737607c573e101d0e5c65
89834,1,6e9c7a005623c24b8f48c1f72c6f0ab4ed75364b2a2cbca5ec199649eea2a607
90450,1,c681e376061ad14577a4607073c8701885e02058524eb2c0b18e6ffc39cd354b
90937,1,bd00a66fd8cf08baabfb2adc38b32f709ecbe6336b3cdd52d32349d3e77c68e5
91008,1,d4fbd6eeff005c1c669704663c97ebc147fa1781534678780e69c0ee58dcb27a
91307,1,029c7d7ba46d4299119fda64679f4225ec66fa6d3eff48d7517aaafa0a2ad8ee
91615,1,3ddbc36c5b319811b1ee6cf4632fa325f9f6c7cb298414bff8394a2b233a81fa
91717,1,74103b51bf40589be282e33b195b0cdc3697ccb949ce2c717401e0fbee06298d
91831,1,7b112e1ae441a04272eb16faf8dade15179681346d98f0658c7a334bc913e4f2
92081,1,b852ad94be8252555a3d02d582254739ca58875b1ba535b65b56876be319ec18
92520,1,4f672773e29767262ee2cfdd7d367a46f0827e9d6a62806c7eafb867c51f45cb
92523,1,155235b592beb70dbd1d096aac0b8ef7897f32f5326b45f9d4ba2e59ee82b91c
92623,1,a2b5102e51e4ec29fef830cd28bd1259375956f1ee7dfa8823bd4c76e7cee165
92637,1,ba2be35d5b620c8aa7beac5da41646a6a311fd78dbd80b27a7f63152b9b8ceee
92856,1,3b76fe74145de12d6ffeb884dbb3a9f6e83deab1920451ef395ed18445d0ea85
92861,1,1173582d73ec8a48aef832ed93ba469f47cef7c883617e2a1fed4db34df73139
92862,1,2b47b642dbaf5f844d7b4f0f135610287733c88748e3e9112debe33a968a4de1
92863,1,d0abd03d76cf85fd35cf5571b018b27e32db7ac79f48299d31cdff3a4194f6fe
92864,1,198fd4a422ae4eee4e151547200eb6816df916f03b542916ecc834afd6b2cb35
92889,1,447b77507ae573ab8fe5e22df03a8cb493cf974c61ebd29082300484022a1b23
93188,1,0410f7b9b93c9e3b3117d45019ebb1e4cde76128bee3ae7319304c71e0263490
93340,1,602c7c18ba61c3a6c389c50852f17386d1765fdea9f73c82ea481dde9fff611a
93348,1,2cc4524bb887cfec35b232467ba9de12aac6412336118624f76f2cd3444dbff7
93349,1,8489f0cff07a66fef03e120eb45261c9b747f5786deb54376099ecdff497972c
93358,1,077baf360d5f092beb9639fd4616f6a8b83a0339c4325cae39cc1cf9fde773a3
93362,1,fc58706eb6c2898cb248981850f79e1ceb22088b0f3fac9626ff653e06625549
93491,1,d7b5f0c8d676105136a38a194606f0c39a78e349d319a2c55760d1953c411fde
93536,1,9d3b9b4e9710821fea99a597760fddae2d8759d8f1d64ad0e3afdff921a4130f
93970,1,a8f09e5c8c1ad548864cffa91bdeac78983c5b3dd77656c264aa73582d5b93f3
94117,1,b3e3bd88398459e31803e53d783c30a2129c3dea8f8aa72077846ef41db1812b
94118,1,33abf78fc7b43f302e442c5f59632801a34169c38a01c69ad6e29a42ab073b61
94171,1,464f46068d40f13a2e59d77ea6dffa7cab3cab4f0751911c2852c4743ecec917
94217,1,174fef77eadec7f941ee7738180df0de7cb30ae7834cf911cc7aea1ccd6cb841
94320,1,bd40f285a46fdfee31a2e74fc9751acb094afdd6b77b43d576040796379da7fa
94557,1,39eba624e485dbfcdc2345bcf5dd925319a001b361cdd62e600c6d7a42f734a8
94652,1,1fb4f04360d7be3acff7c86ff2277a702141b2fc4c0ae467996fb9fa2f5095af
94665,1,1288d89d043e966bec497c4f7892c136cc4bbe7c73f6257ab58d70409da576b8
94701,1,300efc58d5858835cf761caf77d3a83292852034bc3886a4ae89cd349207d483
94794,1,ab5cbb52123e94e0a10038188b997ac5ac26df1a00c04157877ce78f1ea1dba3
94937,1,966f993fcd74134a2432eb58d34e82db4694dbaf7317196691a1c11ff86a1c4d
94939,1,56ebb6309d3fdcf621c46a8c44f850ef10a821b5e4e080458cc68e789d200387
95328,1,979423894a5adc3bbebe74dc382526281829bdbffb4c8e5dbe4e102bcb863283
95356,1,80a8324065613c105d8345839eb17a81cb68c8d5fe7a93571a501f5069099830
95582,1,5e19d1d4cf573aa9fe4b53b44f10a4659d2547025b6ee73dde60427c93d24658
95844,1,1d1bba82fcd14735650441a5a9f962b9a94e2597240fcb69eaddec462d432f18
95984,1,b3ff0442e7fb92ffb113298ff5208966cb9474417e653220f14e95ca2b15579c
96312,1,19aa376649fb82c609874ca69d27ff0a4d113c99c2d5038eac432f3fe46c2951
96427,1,3690139cb31f67b57c6626203e3a287ce99f0d8e6351325c6859a39ba82f5b45
96481,1,c94a96ad9cd6d407abdfa2d208c3e027347d022200f8a1bf34efd48f27371605
96669,1,ed532045882f64009578fbd45ef457ae7c9369b71f648d32833401733079c24b
96696,1,e42abcc4aca7a521d14c6b3a44858fac6cddebad7dac7c4588af74b50260f3c9
96697,1,02b80f421bf7404eb726c2963432de79555c380b1155f9881ad8a3ba7d9725c1
96971,1,9abb0a66da49213bf81cbebc05ef494497defaf41e9afeff569d2ee4e479de07
96972,1,5f0ff7aaf5a9fe93f0007fd096a1a2e1cd92633edd2257ce214951e01721a863
96995,1,e420c8f1bd542340bccb5e10558a84b51d828b37dc12fe78a515cb597025d0d5
97000,1,099d890f450299875287dec97160173f169b6760bb7458067c821d0e8ec0e5bd
97303,1,1caf55155761287df82394d3d475d6a78966bbb9a21bc5b268b83b2d664baeab
97464,1,0de374c0e8ae20abef428bded72a321da7eb6e42aa99f83b323a883f79e17667
97473,1,11a6105103617bb32f3f0c036042f22367ae36630e97a29c765ad51cc1791acb
97499,1,3a7605466e7d90da2f588d78a4863e389d6e74f1ee51f67c4786df8ac82e6dd3
97500,1,5c5967813d5987c19c6b355ba8da2beffc0b13d4823760084fe1e8f4c9dbbf22
97517,1,cbf36171c942f4ac6e4a63e91a382527d8fd5fb8c0168b49ed600e2a701a3cfc
97698,1,4c4d843a8c43b9eee8e94d2faf2cd1b976b0d6031e23f385d1e0e9edeaeb846b
97866,1,fe2f33e1e4f7f8679757acd8ce8df4d86df93cb9bc5bb9a4dddea5636da7701f
97963,1,4bdc78152c3e64c72737461b39a23e78ec4bcf242a4d74263b86890fc7734d7a
98048,1,680aa1ee00b7f1a5126e8bc40cd5ca32c082e3633c15f65a8d5e22f3f263e842
98176,1,8c1ef22d997abe7ed8b93dbc843c7397f122836e347e19591317040a169ea2cd
98199,1,aa76e3e9a040658f76190ede794b64006985d44b6325fa4fc7c34d4899f3e32a
98207,1,bc2fbf471071b39e77cbcdf9e91796ebb52bc4c817861a6a726e1a7fffb836a8
98210,1,f364670560c8c7caa0a7d542f181846812564d0b307f35061e734f4c742200f3
98219,1,d08097adf5d31ea51f766494a185de214e73c262848b26b08810b5ea4ae53d62
98245,1,7651317638fccd3095eb9c2fe467a862b74fa9c176958da4a376831b2f4fc282
98309,1,f4a0176c289bcbbf425d34e38c15543b60d8f8f4272e854163af7152f34dd739
98535,1,3aa551337ae0f7107d7c880646bb579595fd674f5edc678ed558e0d9fd15378f
98547,1,03fb68921d12924b3e89bc472f8d6880176a47c7ba124547b375acd560df290d
98720,1,1fd43669a754f58433a64f9ed43aaf7484e41d16bf5c88082cfc53a7a2d131d2
98925,1,20b7e753fd4250b6976340d7318f12f4eaed988d340333066870d730382b3982
99228,1,095b0ad8b3c00a56b633b80111bad9fa418c95307f8b37e0961a8ab53365095a
99232,1,4200f3ac9dc1447a461a77c97795ccc37c8a66202386d988cad419ba267b44f3
99257,1,bc447d920c4d1344e2994eeb585efebe782c9d3404393e7e7b46a8639b869d40
99299,1,1c3821a3c476181579450be2dc0065b43bcc4a4ef981b300149846204334d6ee
99416,1,7f62ad6315f94cd8b9cf8c5c7506ba702d39890f4c8d809f45f0342e06d64868
99472,1,d4e9ca911f402b69730b6d2e2eb5546a297d5dd76ae8049abe549a0f1d91fd64
99482,1,417fc55dd2beceff961638f793aad8737f72bca13b8b759bebea84fa8b9bd51d
99590,1,4c867c3ea953530a3b58badcc9dfc169a94d96a3ce47aa04982060b5c045d2d3
99981,1,329112149cb2523247b49a7bcdd8a95ec771289656ae6ae396687defd4e43cdd
100805,1,ecaa9925bf957ba1d128f0bf1ba02e115f27ffdb53dcbe67a4c1b4c456ecb6d4
101460,1,dbceb530a89a3018d698e2be5c719639e8bc4733835cf5f0fd447ba1c8b93e13
101551,1,6c5f3f9af3457415f04d94e7a51e87182d1ae3fde430379af3e166c3ff13d6c1
101555,1,2766bede30a58eea3b153bf2b4220fe843d8c9bec50a92ce5afddf0c30e0d3d1
101715,1,8c34b69e61098e0a6251a83b99a8383b67b2f90ec8b349f8c6c11253fd06de9b
102031,1,6a1d73b12585e3d3d81d415bc30fce363a6a2618b3a5973d2403b51d96be81f9
102064,1,ed0904c7d579b4549a4812c850ea463f8d53b49e6d80d2ab5af370c1d0f59dce
102374,1,7e9a4f2073ff72acecb830939e6146061b13bfe8c612bbcdb6e4c14f8c54a352
102424,1,d6f08fd45c95fbe5498024e6363e77b84f1604463fa8b75476b10667a0a7046a
102432,1,1c62e7640afb822c990e74d0b9589997a4c292554a8f5789430edf589d7d197e
102521,1,101d1d8af5eb203c0e28909c18b85b44d8ae0e2225a00707b80784897ca59111
102582,1,0ebb12db63a431df930f5a174b50fbc181c9148fb6a57c140c21a5b4d6ff8310
102585,1,ea424e78f4bbbe610861bd12f0950c84c55e90966249c0fff329678da2f5b6ad
102615,1,fbe36b618d523d50c2291c59ee07b69a3f576bb265a59bd119cb0b4cef10fdf8
102786,1,12b936b2223958645301e015c134a11ebdfc3719b86a448c8e65fe48995194b0
102954,1,d6dd5400c048e014e0cac5ef74e06b0ec9ac1b1274d0a94da4a33f90fd274d4f
103123,1,0b2ce7bef3b83f956729e9b8b14f1a75d12048d3b387bb412b510b34fc0505e6
103163,1,30a2323a6d387e3c30e5bec6b18f10a027f3f96292cb8fc286f3d012348515f0
103203,1,119f742dc6f9aaf55507b4e12a3ea7f1f9b2db253b76fdef8aeef4c4bfcd0acc
103387,1,ed4c9b19327b0f0ff295ec4b7708f703e3de08a2728ca6f964dd1f6af5bc3f24
103396,1,79d4e6ba0810cdf983066eb4d8bd94fd9cd3c9677cfdf5eb12ccf9887a31fb8e
103573,1,290cc77efd5e118a5e32eb5f8b991daf50cf51ea81e88e745213cc796a71b6d0
103648,1,6b0c73207d6bc996914abb54713782a95f23a02386a7126bde5a9c5a521dbd75
103757,1,67014afa82281bb0dcfbe33c799432094c83d6f817f895c10064d3d4c49e4171
103768,1,e1f56aff77c1ee1cca512e0cf1912609fca19a3497944c5062cc1082f3028758
103781,1,81eaf8c7fb3aa787784705c830578f47fda5a0c90c1ee4fa3b5dc5da8d0b26b9
103815,1,278d17bff73c540956a8766e0849d4df791100ea1e82613dc93bd9f8c74141f0
103881,1,5fd249fa0c6c5980ab8bb754d770657eb65e6b3ca45ea10087446e736ca00b51
104075,1,24d798c9b4491db3ff5f916d9ab558704622ef77e4b52495290865ba4646ae4c
104101,1,83eadb0a5758a26ec10b883a5af8c8bc3023e3b8134fcc54264eccbbf1f7435c
104159,1,3922f8ff92271dabb3bc6b39283b5158b539c0a36f0e3d37bdd4a28701166fd1
104304,1,ce2421cd24a39486bcf71fc0f266f50275ff6a19698f273b2b405b4ab100f1fa
104416,1,d1d3b46794e110ad1b3bad76b72a8f8d66d412662c108df3be6be9c42b40fab9
104418,1,99524845900221fb870835e1b65aafdfca2f522006e287f61547bb1a242c382a
104444,1,456d1fb3e9c971702d5f4fd51f9042ab2d9a9cbfd791278582d4459d9d9dd9ce
104541,1,16b14403f3dea564c1d2b09690365e0b331df5cfddd3ef4ffd0430dfab7d84bc
104577,1,f77c9190e8712d48cfef3fa39b8937156c6ffbcfcc79a5e6f21ecb38f7a30a63
104645,1,a759e6d740e029da8a78afee39262b05065485c576bd20353101293730c210f0
104671,1,f088d8ab82f7572655a1707454907dd0e63573a63525c3f8c42a0eb8fa929ada
104672,1,fad19d91ee5fb133c6b5982764283c246d9b917ab9f095cbb34ddd4b067b56ee
104728,1,c37157eb2dcd4af362c355be0b25a8865602ac957e3a4cdf866ca9c1a54fad64
104729,1,557836ddc9958d26f8d7dc40e2e037abf90068c8e0878993e7ac8f2aee618f74
104740,1,2dd3beb1c3abedff323afea49ddf501879eab52957fc5409a4dc8dc61a2fecd7
104745,1,95e0cf33ac8946f7c1245b8425714492dcf7c5444058d5455080a99624f1ac82
104746,1,a30fabe9481a431fad239c6ca5dbb3fbe1c8646ced1a7451c3e069c1041abcba
104892,1,018c56d491d18fb9880139f8622bc5e651b3eb30745e5b812060dd2c1008ddd6
105155,1,75636d831c83ccacb1b95d37c65396e6493d35ccc9b107c7d79cade22a2ac0c3
105208,1,53a4fe78da1d20eb0b3bed69f7468c9c8101f2a048fbaeea71224579cdfb9ef1
105252,1,8e9b3d086125b2517af4afec495e38dcda534a7523de1eb13df62f8db927e921
105394,1,65d95ce8173fa961b22331daa6433b09bd9ee3f86971b14bf69485df1e59b8db
105410,1,25f21008831946408c8bf4535db42eb877155c45ac2055ae020d13e8c096e93d
105421,1,57b362367dcc0b1dcaf9219dd110ee04239ede9940a786cfe0c2c9c8a3462c79
105434,1,2dc904f44e10377b4bf8e2da7577c2dc6f540dda6471fc474058d7a10f8b0adf
105466,1,6a7037836d16fd2ede24ae843cf23332941dde1be9d10dbf9bc7f86690e56425
105469,1,15932543919ede3568848180f6a88e080dbdb3324ee4216f9e384d4d4f707f0a
105501,1,abb4e2528787a76e30028c59804aa57c8b460a5247c683ad5a264f1b845fd2cd
105692,1,a89309487821e8fab3de33159e37a23f2c1cd218f83d2f1c0ae04d06f769492c
105855,1,7e2ebfedae3018f3da60f1b0894b84051e6dd49d3c065b8e860d8673f7bad340
106134,1,ffd39513d9748478070010c4b3d773e4dc71eed595041d82983661859bed9d04
106195,1,109b95cad819806ebe0c954d07e646d13cf96ea051bcedb42a8aa238f3d626d9
106199,1,1abedfe4dbc77526399be506d662b9f195b80c963969b7af32038177378e7284
106209,1,5dbc1ae32e8f5bfa4ad4368f43f12de2829dc3b871529972339940dfda602342
106249,1,ff58286f1de82c34f2acf2cdcad3d0cd93d1adf376aa93ad0633265b9ccf010f
106255,1,7147a8a43c41e5e7407e9a40884727fea51d5964b59f543753c458eda5ff64e2
106326,1,ca5b84c781b1577b8aad22dcca4de4a36b31bf88021f668a50d9fa5dfc2d8e52
106364,1,098edbf64e6b725856f1efb2f70ee5b342cc4fb55ec34bc44a866f79c0588f96
106425,1,b19d6734d5ac9c55ad265a8b60f931c41870f01085d1506dfa978543dbf23cea
106444,1,63dbe5c671e708d81d7c327210cf7386839bf2e5de9625d1c7c95741f3a6465d
106465,1,ed3288a318693a1ab982b170d9853fd877f2e3459c88b4bf369aa7849d23da39
106466,1,9f83811dd8c2c7c2f220431afd14ef7b411bd64856e9818c8cb41ef43346e073
106671,1,60a884861524b062ec672d569da3a75dabcf68f467f7d4eed4abf8a6ecc6717d
106780,1,cca1d627015eafebf7169d07864c3f0d128f8a7abb01c0e469538c9260e5ab6b
106906,1,c34b43cf301ce925c62864d5952545115eeb4a498b8bded2e9f92d587b367b51
107180,1,664beccbabe27334c896a07c75d58c697c4ad914da98c44f10d5b3f0cf81e9fa
107193,1,f6aba590f4aa1215ee40626beeb4d7cbcdc1309ebf31674765606c0f764c2ad5
107203,1,f455c5866d6006900030b3a2354dc61d3c9fdf7e4e1f64d7c3d97c2573fab0e4
107222,1,7a07d59815f38f1ab3255714e1e5e2e98a03eaf8b965195af00a1842b940295a
107230,1,f997b965eb0ad4ef4b48f01ff9e5d5f683ca8e7d326cf8b93bc8ce4e41f1f651
107231,1,0787cb0b5320eab9ff4f198c832b6ea9cc8871ff5081dddcb1262cdc91c9afe5
107250,1,f73e4fc7ca6666b188226474643dbdf8e2fbe6726b5e1572d514224aa5614d9b
107470,1,c574ee54ac767519c6f0383fdee6c2e52eb489d95273dc1b11ff77b9c4f57600
107772,1,a6a862f429063edbe11dc225e822f19707b76f6876f14e004f636872f253c09d
107957,1,394fa7f8b1b262669cfe1368021fa9473f07ab7c09f56e7cb9482a5eeaf42379
108207,1,0d4d738cd508b71aaf0174b465e04e4a9e2b5d5ccd6f7a338c1617d908e51148
108249,1,3e811b5c7ae79c046cef3cf1b688be50ace921c343b59b334784a78448148faa
108306,1,7b9df0f0bab9eeaa155307826b9a6279d743cf030cceafd587ec9a3a0b447c72
108715,1,6d89e2eaa6485b426e74c597b9d8b1e08a2644cccb3e55181f103cbf78fc0d04
108928,1,2ebdfcf4a0799981658125b7b07984cb484544791ab889336bf083dd879be27b
108931,1,c0f210de900afc4e53bf0de20f21a457c3939207cd39adddd14edf52f09f770d
109205,1,4985107c4e0cba45238d372baab67a2281afeb47030a0b1b43dcd8123da4ef73
109669,1,7e2323f7e7b7aa248e290b64bf20720e09c88c431349171f386889a48134e32d
109811,1,c164044d3c7cddc410a16c4d088d9b8664c954f28bf1427e1867cdb7f1ab3a17
109876,1,5987535de2d8e81f145245e8041628e2a6f0453e05ec04f7130c256dcc6258e8
110131,1,fee92af1ff0f22b72c28e16e792ce514803b606d6749962d7b08c3f1c39e6bab
110633,1,d007a285d09581186fe4cf5d2974b456dd2cc20618687abe2eab251ad1cfdf3c
110641,1,820de7d78d400a80ab53e5826a2a23cb76e48664296fafefe10b9e51fd1c35f3
110651,1,640e8804cbdd87823445fccadf256b36d91dcf7b9650a34c53303edb4afad408
110963,1,b557e5abdf69a46c9d455f72e261d58054825ece9bc2a93f1bf49694fd98a832
110996,1,0b99e6355b9a7e324e5b10928e52da34a4a2dc710bab2f33a849bd72b39d4c2c
111018,1,abaf20a0c259d50901aed9c1b11e342ec8589d8857ea367c283de6b06a14bf00
111020,1,2bb3120dd90ed4370e822c1bee3c5fc2048a7b4db83554a7f75d46d145aa9541
111178,1,2339f0d7d6a00c0293cfec135531e13e2c7edda5d3b9b12615447783bf665e5b
111239,1,10db1712800ecb32bd7c6b4f8826e498dab96104d17357e5d90a46d52e65a7e1
111343,1,458c897e72f4a159efa207e5a0f36e6356ca6e6e655b92d731530c695fa43d8f
111439,1,173f86c4e0c6566668962588fbc19d5871888ba0f3cfdc9c0121408b692beb9e
111492,1,95e59daa2593c21631f13b1eea3db10a58d2d2bb372969c80207ff9676bf2fad
111501,1,8694bd433c754ad14ca17d0d76366f0ed6599ca00fc2a7d61fd4437c748ba20e
111546,1,2ebfd7e840e1374ed5f35691a6e8535ce8a69342e703762c7f2200b5ebce25af
111578,1,794d42e38981fca30f99d5ef3869cb758a762746d8a340606244a7090def0901
111744,1,bb069f1a5d2fb10a7300a5c865048b290e6ec24b01029567dd06b1ea198da841
111802,1,2991d2e00923d7d28019205cc4905a02768f728e538a4bb84cfdbbb3678dbb24
111859,1,c82b85154ef436f1f7680660416b1d5266b8ca1d433393b40cbcb4482efc9516
111861,1,1fc2ebf9f9dd2d2fa373784a2f1cc7c562bdc2d1d5eff2a889decabaa9e447cd
111868,1,9ca1c92f1df60388c2a26b282acf627fdc94b0448c0e6dbe753fdba2b09c17a7
111874,1,f4862a61654825804a0ef472a04fea2131a4358d306619edc1d3b3fc35699df5
112001,1,ca8e42c767dc9076d50eedd26861ca59acf3bdd7c51061072a522e9fdd008a6e
112043,1,5501f809d69931436f439ba534ea28a524e1311e3b884f1aaf7dd9ac732857d7
112070,1,29f37f091616976ad49c4a340d029259adacb09a49cee6f89900c7d485f0ff89
112159,1,a1e63b7b01897f0bf47483681c8c86ebf65d21c3672453c005d2cbb1f27b1ff7
112205,1,ac3aeaf49f686213dbde74698600998b55e765cdc458b44d75059f0ec52f002f
112206,1,f8ef8486dc2219d99eeb5379aa07121cd46e56a9ea381298d9fe835fae37b7bd
112299,1,d0a5e8433b1f341dfbcb3b63f62f8e6ebfc1f2f6ba2f4aa2ec2ba806863fa28f
112311,1,dcb4fd5966ce643f476cf7e5593819613fde35a52248b483221cfbdafd894007
112332,1,ca87a46fce11e1b453be4688fff966099bec95819d4032790b358f0c4e0fcbe5
112357,1,6539401e77803d675d9a7f96957f5be71de05b0656f5d3a822db4b451b2f908a
112390,1,2b2e661aa89f4221a279b90fef468729f74a9637299d519a03b10df5e0ea8248
112392,1,586836f25141cf0ec0e0ceb68d0b3f053cecd114d3f83d45324ab3189987c5a3
112397,1,d8e5e21b7d7c862b1e9bea8345708b94486eafe7b0afdcc4179a6d27f1b34e7a
112434,1,f7b415f9385b50e99b436716871401ee5f9d9ab2b4a3ac60016d3240ecc223c8
112547,1,2f8efae9ee62f0d41fc45db21f99bcd72c200a8a3b7dc05fba66e9a85acf2a32
112660,1,d14fe4ca88ab83a55ae884fc44a5d803ed0cf8c463ed6f38038befd958cf6b61
112702,1,e121fc5d6a5eab07e34dad61f188a6fc0074729875a186dbfb272ce4d417c374
112703,1,91ab57708305b699f623063b947139da4f36c40ea5ad9f4bfa233cd86e80f71a
112722,1,251fbadf14bb0636d70c0d8efb2050b663beb9d83cf1895d215557564dccd217
112857,1,f87b8bbc948ae360224ba007bf5db4631b1d12a73d519aa18fde0ba0e721d8fd
112869,1,cd9945792b937fdfea94fb373b9433e0f464bdd11607c0261d4a6491ccb4b1cb
112943,1,65b05be5601774a6bf0de38a6a3d90ea7aefad2af3caa33081cf8747ddcbd6f2
112963,1,230188a2b42888191ecc72c7f174bbd2018053afa23702a507427a2a06cf06fc
113120,1,1dd05c95f7564ac40ec02c2f72bc61e723f72bf50b2cde0b6fc835d87fdbce64
113183,1,a485ea48ea784ef8665f6f4d76325c2df4b43c251aae358fc7289591abb29179
113195,1,b60525ecefb7580a844dbe37c207d87d0a5d9e1a05548661a4827dda20c7ee52
113311,1,7269d301c1ccce7a3cbbe704bb4e2d9b9615a498f898bce3a1b8a7b211a3b5da
113373,1,6f6b320396a8fc5a08e62a9f17e2d9318153d359f66315ae7bd6053de377ee1f
113453,1,229ef94d5b260083e6714c7275114b1285d014f26ff24b9e9faefd27b685c02f
113496,1,9aa6b2d03a6f565b69dee65308c878355fc12e5ce5f82df8278f4fc98489b756
113500,1,1e575206a2145be70d8d23c10b248043540d05c7c7af297b47b41c713c767f8f
113527,1,45e82875ff628639cf283110eaef8fbe31d8171447f83ccd05c43214cbb1d49b
113544,1,3ea09d9050dea1d63e927c3dc9196861b869e1fc5c6743bd4598e0577cb5654b
113547,1,37187a11a500f52bbbaa874b4c92405db8c27a5e104a09a1421fec6e1efed214
113630,1,97208f640edaf9e81948b4a2ffcd91813feaece07cf454f2b5947a600fe092f5
113656,1,b59f7f5a75a79c695a2795a7fd02ebb72885400f9c11ff49837362705d273789
113668,1,f87dbfa2ceab138157869ba24fa0392aecd0af28316efc43289040be9aa62d5f
113925,1,3e8ec75eaab21778913796ee6ff922e7cb5c6b7da6aeb5285e29c9925f1e4dfe
114221,1,b228d14255a548e30990db06d2dede1730782d06d66260c5119c3d2e95ce783b
114286,1,0fa03c1c8d6cdc633adf8d07d6d3f69e45d5170dcd11f375110483809eff714a
114307,1,04f237565235158145e7c67691a4b009cd341d40c9408253f03a28e1ac7da7d7
114313,1,4eab69334fa84d6c065c77a91c3c0b9dec709c16dbceabd61373ff1a365cbefd
114324,1,04f237565235158145e7c67691a4b009cd341d40c9408253f03a28e1ac7da7d7
114424,1,cef28ceaf42bf9bd9b14732781d5a5de66bf73ecf0a648c662c932195886aa3e
114576,1,f5b275354ed2197de977632a95f5d2907211a691a1cb8dd937146a1f4c405645
114650,1,0f1f40e65c19b1a7b08213333a7400ab0e3ba86f84a57b4f833a2ff7cf5f86b3
114661,1,6927ffdb60a9156bdfd1b8c812c6a90a0a69fc2c64086680a33e56f5ef2b4baa
114794,1,6bfd4812c25235dd09e532ba1dddb23cc276f0e884ff6ea4ca3953b90e9d6755
115021,1,5f2bbd25bd9ef3ddb398a9e85a6a4c3e885f73936dfb2829061897341af914c6
115022,1,2e0cd3c9121940121f77b71d59e0e86a0613d6f1112200340a61be177213d077
115033,1,0a48c305b5b203cca6f484ad61129f960e1080a9d028a2245276bd2c97f185fd
115107,1,c3c7968d61490ccc34a6cd881eeeb537246028aacbc108b4b8f91201aa687459
115210,1,a663c1feed55c0cb724607eb8911d290969894ddaae783911c39f1748728ccb4
115257,1,dbb32059dd08daaf249643f473a4cd1b42701ed49f2193a0f11532fff5ffe530
115276,1,44f0cab2067e1da3bbe440097bb62ae8c3ed220d5a172bd180ae51ba9c541386
115334,1,b98eadbe88d7d5d4d96749c51355ce4e6eee059e8bf8c6efbaec23e0c22fdee1
115362,1,b58bcb9e3f1935f8fe8b15f752acd5a203fd9fb57a9453d60873331b4c880776
115571,1,20f2b7c71361d5b6f07e52d2be7d3cd345e7d1849bf9572710193719084c88df
115596,1,bd09cfef666606277193f97c4f190d9dedf2139a4bdcf0ec4f2a66842e64c814
115695,1,c7c99b03e50a540adb89d8296b9ef28695956d42780a7a4efd8396508f7763d7
115812,1,c528fc4d1fe5944054910a254664d2d26f58e8debea78ff2d8a5daabc7440174
115999,1,ac57bd595b700f5b34b9fc5ccc0f3f60b3d69a6d304e8a2d9f750ee383640f40
116248,1,18536f53221a2177943c84711793f6679dea939228c8c3883403ffaf29cb9708
116255,1,d52989177341f244b6546464463a9c64bb5f5c186ec4ed6948c0c041f293503b
116388,1,03dfd773bac8fb579bb9d487c1aeb1222845105b6c69849fa411037c1177101b
116489,1,69b6ade83587b07694c9f47a641bae6da89c3ec22f2399897f03e3cdbf58a365
116504,1,f0ebc84a053119f92cc762772f6e74938af8d7cd0ef6ccbc0f9ec3322740d876
116639,1,15a2c6e3a21767c3ab6a989518bb4738068261a22adaa3a25b63c8d9c1748d56
116685,1,386c82af3f4288f3c1129146ee36ad9596c4570747fa790e4790fff59e060f17
116794,1,26b6ae3957e3ec83f7631ba6990b18a78b17facbc502c8e74b0cbf12ab65a5a0
116798,1,ceeb696cb10d54b6d886c12af4257f49b52ceee4485bba90122ba1049532bf76
116824,1,2d016133776853fb8428ceb7e3e63ae9e5d55f36af831103ed7b6cc0a4e0b642
116839,1,9f8d9252ff5e99a17e718f86a04847d83a36164d3fb41927f0248cd326ee278a
116848,1,d71ab5452b03be5ff4f73f9103b91bf4bd0afad6e566af7c50f5cc8a198290eb
116859,1,0cedc021026eead03539a4831550e1d53544aaad6b03a0f7b297c37f203c8009
116884,1,aa5f0ba19ea2031431bec64e5ae58accfb6ce719bfaf5b77ca6f7ca6dcc32cf8
117058,1,7fd54f6fe079966edd3b1ca4333f6f1d9fcd5309b01fbad25d125e909aeaa289
117173,1,9591ff6ccd743de65d88873363a542cb238f6b1b4bc24b454bb6f5f38ccf4f43
117229,1,963e2b544df17bb5bd0a8b64b5770952ed61b4d30135a57f0a4ced3386282474
117267,1,7677dd28f38fe930a0fcc8d91cd95e5ef5076c27775d9b57f72b5d1b62747f82
117298,1,8c6a6fdbbe6fab0e7741c3577e65de232e53b6cdc5f4485596c525ff77076a15
117522,1,ed5fd7ab77c29bb80564069d7eed492e536f17a2ea5252e6b64c592c9323f7f3
117565,1,9b7babb1918f508e33acf5c3819aa719770502715b414dbd1eb7b2176b153a6a
117589,1,78356a2066e30607c22fc36de1fa371d5f4bc6842fab91dab9a2962e4039752f
117629,1,6b29dc9ec3e19027226fdef6607ca2632751ea4f5773314f51b8a65c7dd82158
117682,1,d055230ae9f0fa427536c45f00ac737915e6d03ce0cc0ebdf4c2b29b372f57e8
117885,1,824a9b06964a681eb2b66fa551ebb5defffab793c81c91bf2d58bfd104ff76f9
117972,1,44a0cdc6d33d1ae59a775ff41b03f0339ab214fa24e66a00222d3b814b4ca9c0
118039,1,b150b5a04eb0f4501b02c9aedc92c95ad3317b8f66a48072ab5a7adf1cfaa436
118049,1,78dee96ff08bcf11405c3a801c793a1f4c716986d41754a77a5b412bf4ba59df
118209,1,e05af79aa34be06f8a15fe683a4ab8d46f34e0866abbf868edd13437d91fbd2a
118374,1,0d8b5c665e6d09601c4ecee783458fcdbc45612129dc95028af29a8763112719
118437,1,7ee91599b06f9f51534a80a972f14fbf378a8536e815a00b3051926dae8d4216
118445,1,270fc667b0bb4076cbcca3e0d5a0285727d13673d5072c1044c5fccb9daa9f41
118448,1,1cba5e42322d4a7946a8aaf9bf11a5ee545826532dd43458c1a50e80e8e2b106
118606,1,6f0fe4eb2f655e169c0a8dcaf85f977116ae5c60d88c8b042cd711cd3102cfea
118719,1,2f29235f7c600dc1c07fc5dd3c73a59af76f8dd5470f50739037b8287946600c
118721,1,b51af3a58c534936414c945c156a3631cff787d61c63492b3774dee8a9509dd3
118791,1,40b4739ea8b88fa79f4af6035d9332468bba1726a6167bd52dd89e5794604eff
118875,1,583b556aa5caaea2dd55cf0fb859761eb2c86bb1ff168a7dfe876deb9fc96caf
118988,1,42d996dcd5b94bfda18436b462ade82936657447edb5c17584204f4ef48677d1
118995,1,4c3174a250b199031079018124c34a6edc9f9991598dfe4c8dea5181848a028a
119060,1,08d3447d373f66e276b76baf11873d62c6367dd0642748cb53f38246013936d2
119234,1,0b5f3f4a806d11cda30145d42f9d022fd1d077ba95606e92229eb44d8894215c
119237,1,cd443758307600e9362b7969f59ed1f96a2f2b76bd186e79ecc79cd6b08fa92c
119238,1,576496e7de37965e1a8e9c5b8953ab429339e4a5b0f04f5804f66cd4a7483bb9
119336,1,c8f7376bbe4f059a4fdff7fdfb6eaaace677b356c5ce12baeaa454a426c71146
119515,1,61da53e63ea1813e9f2f52c662599cad9214b4f6c23cdec40bf3586f546311ce
119715,1,1dc4d1f2d56d1e770c468886d53c3141e2b9869c5dc6dc0d480d1f064eaa907f
119756,1,89f96bd2d28ab9caa1c7bcd1e9b4ce1ccefa8893601b264b38ffefcbb7fb39ac
120020,1,77f2521c3b4f35e5eb656675b6bd04f275d2b77430622a3fb3579e6734b8ceef
120218,1,a692b76356926bbc57c50ee3972f9a8cb084161f45629160f8242cb29d221947
120268,1,c44399c65e9e7e37cd95eb3a1bd7020024af99c9ce06205d7520dc5693a29647
120361,1,c46411325fb939519b3ba397f9967f83db67f1df545ae0010b99ac13c72302f3
120388,1,d83471e1f742c9f7fdf4738d6a9cbf31e3fce6f0e20c457c8f7eae80afb234f4
120390,1,7d38f19ea815334f020699a573365dfe0d5fbdf01051d568c95bc6d66a061701
120421,1,ce01c9f98a51dde61daf41259a737b265b81c5075a3d8193abb4215ed131cc6e
120570,1,d91349319eb33fae862095f47aa6949da9a25b7ecf06d50acbf24a5c98819426
120619,1,90d7ae1fa331ec3e806eefc1a490c055d8786c75b68e6a2c766484af9a9485be
120835,1,2f1724daa78097570bc5143c4eff2ec40435997921c866b30dcbb8918141cbca
120861,1,b03e074f51e77a2e404ca30779e3e7b6a493047ee9b70bc6bb9838e039f55a48
120863,1,c11d867b9731077118042df9228a91ad5a4945eeee4619f1a3120cea1916f90a
120949,1,efe9b690414f06d1a016b65852749bb8c539b883468a9ad5a210cf59b555f9f6
121151,1,80319b2bfc1894bf726f675e4a958f8ba4650379232c0a5b247f91b6e0cae44f
121168,1,66a9de828629cf57ce9387ff7275a921be63c406ed239ef50f24d056b07f4511
121170,1,6d5fc4d7b99f1c71560b73476ce0a765c3d7af61c9269de848bc4f315bf109f8
121437,1,b7261b6c76af463b83344299522d77ae240baabc65783f981bd8b40a199ac094
121519,1,6a7557069052bb26cd692fdd0f736ae817bd05622c039c0a5e4f8b3a06d8a3e4
121612,1,061999203953170d2ef21f284e6431cbb3f3df277649b0f1893def1a09c39de2
121861,1,093922b10285f6c91f5763ca2e1c46d54763e29a9ccdcde496e35b13a2335297
122076,1,cc6a771f0416531a04849df952fc4e1bad1d72368a7c0d8310bf080d9bde3d0b
122406,1,f5dbe59de374f58030cd2a4718f122dabe27f0bc6d2ef43bed41469c010e49d6
122409,1,2a43513a10c981cf363cd49183ad74aced304333fc2acafbc18ba0bf910eb7a3
122699,1,755e716c826d0b5a2562a50f4b17d4e4ba1018ba0b84cafbcc3f28af6e9f9174
122700,1,59e2304d1271765012fce761289fc0aa4a87f4d134f742262d744ada902aa529
122701,1,62e23b5fbbfb6a35b1d67ee9a0279346f64cb98110be17207345b8714273e656
122747,1,7f6aa446fd58c9ecceac715e1e8def46b2a2279546cfdeb12fe204c488574df7
122794,1,bfc2b31ce8041c93e48ee82d2e5487d3fd7aaa3d6c7a3c0db2c951ab0f22cff7
122826,1,5b51c73d579178122f0594f9e9eb5700ec86ed6c7d31ea25a126e5421eb21663
123112,1,5f8e30da999869b5a97a24047c358879a5577cbda78b825c943b62b7647b3d1d
123123,1,a39bf1faf83fcff11808d333ab931c95db8f88b82094e740e70f3f5f7b1731ed
123286,1,6e6a27992f4d293776fe3421e34962ffd2e2c32386b6f201373eace890e2da68
123450,1,5d84a7ba440d61d453d0b6deb4e60f3bd479db10f9ae15d2212c8a67ae89dd43
123656,1,37a06be2b320102a65087596a1d6af4de9b2e91ef6378da1d06776b418e59fd3
123676,1,63f847bd78378c166f489f35eca9ce8a815dac8aa073bd346d0b7490c0125ba2
123762,1,c0828388d18f24e0fa3ec33fa02b783a05237f081adc7e12f967e0d46c4fa70e
123818,1,50a865436b054fa4295b8b8d5ee3e7ef7afbd1de780d10dffd76acdc1439a34d
123829,1,251c8b9e63e2be5eddc861e49441c1f88a8e6fcf2e6cf6207e45a5c0ed72e05b
123869,1,c3c4f923786d2c7079dc8169ceea131aca8a52c018fb423fd873314d576e8b4a
124011,1,0bf2a1576a0eecae25eecbb964da81e3e176ea277ec4404d1afac0a25edb4036
124085,1,e00e646fb59e82b0926c3a1d6ab32d40f9fd1f313d6cc851cebf1f41da346df8
124140,1,326a59482a110b897decb3df8002582e545db2427b437b4c94ed8767840bdabe
124502,1,5a50c11a191c10b772a6a6fe54847d486205eead99d380db3efda55cf0e17a75
124526,1,0cb586156690338bea8fdd754b13d8a65cda8b4c9c56398fc9b2958601f60fca
124529,1,62dcb24d45137b986d50a472205c3d042dfc911ddd29a7a044e3a70c77803f0a
124602,1,12d1f13f3fc0ce6ad698f3ce54c1cefabd9a2c5f28e1562ce3426755a9b47a24
124844,1,a63f5dcc61c03e46974761105d22c489ab2b48965557af2840c224bbe6534caf
125216,1,4391a0e223e1985cb48edf6b060ba89fc103981ccad75022b0714a3db9651289
125251,1,d9472609d3456802f8a7f4a605b4885993777d7b57d28b5301fe23b931375c2b
125304,1,cbf1f19c946bbde41adafb59c427ef012f515ba11d07934f323e7f45ae213436
125347,1,afc1e8f4ea4108c60f545dbb46b7b85182e38e176829b5136b8e23860d4749d1
125526,1,a7b943b39e58bf46d3ab11838d2f5e14adb18b91cc31d75a2931698f9d0c028e
125557,1,b2afa95ddf01d7d0e4cca3801cab795c4d01e6375ee6e30b425c432c9e23ec1d
125714,1,a63f5dcc61c03e46974761105d22c489ab2b48965557af2840c224bbe6534caf
125827,1,d52949ef17612d0223da82470eaab7ced8fce33dca2cd131de36c420a1f8667b
125828,1,7492109a2bd3d0c52fa14851f597add56cfe692d0bae96a74d1625c5d25a9ebb
125874,1,e224f9ab1a54126b1983bec152e3ac9217f9962fbf33101906d3269612bc9376
125976,1,5348cc5cad2b66573da9fbeee549f0eb5ba0e7c2d54c00d6a657c97eb3fff403
126396,1,1c15c3956603786fcb3dfd23719a39733f926f0a9e02ca3883d8352a5f168eaa
126507,1,a2ac3f510be780ae008475f72eee039e077518ddc1c9e7aebb9bfaeba53cb255
127091,1,6da7f00ac58523cc57a1f92076bd9cff295bba9e43d3b8ffb87b103509bcdc52
127097,1,73913872c9c90592e882d217540f189c30c30e6843a153281262f060320c80c7
127552,1,6d400c515769d760105ae8d1df0f2d06452ad6f6cc69be9675c893b3dd40af47
128160,1,b9c219279da1943144d5a63f28e844cfa7578937ae93fa4fd7face789d5bd3af
129070,1,63bdaa7d9821c0412678ac7eed4be323a54b7b8e54e165b8a4299eb86f578ed3
129982,1,4972ac8e5bc1b217dbeea03b4f6915049f12aad301df74b795a162b348adb725
131068,1,36884785b616162e254dc6c906e90fea804e38b7b04214e5bb2fdd3810233fd3
132153,1,127f8d696c68cabaaf075f44ba010efffd61be71fb9d33851d38b1d7f5b36106
133226,1,93317650df4267c4572f7467853a4883a2c8fd6c9baa744b02cc803ed2f0b6ac
235500,0,65d95ce8173fa961b22331daa6433b09bd9ee3f86971b14bf69485df1e59b8db
239415,0,aa76e3e9a040658f76190ede794b64006985d44b6325fa4fc7c34d4899f3e32a
242050,0,0b2ce7bef3b83f956729e9b8b14f1a75d12048d3b387bb412b510b34fc0505e6
242081,0,ea424e78f4bbbe610861bd12f0950c84c55e90966249c0fff329678da2f5b6ad
242317,0,ea424e78f4bbbe610861bd12f0950c84c55e90966249c0fff329678da2f5b6ad
243786,0,99524845900221fb870835e1b65aafdfca2f522006e287f61547bb1a242c382a
247415,0,15a2c6e3a21767c3ab6a989518bb4738068261a22adaa3a25b63c8d9c1748d56
247455,0,c528fc4d1fe5944054910a254664d2d26f58e8debea78ff2d8a5daabc7440174
247514,0,7d38f19ea815334f020699a573365dfe0d5fbdf01051d568c95bc6d66a061701
247525,0,d83471e1f742c9f7fdf4738d6a9cbf31e3fce6f0e20c457c8f7eae80afb234f4
247526,0,0fa03c1c8d6cdc633adf8d07d6d3f69e45d5170dcd11f375110483809eff714a
247534,0,b228d14255a548e30990db06d2dede1730782d06d66260c5119c3d2e95ce783b
247562,0,2f8efae9ee62f0d41fc45db21f99bcd72c200a8a3b7dc05fba66e9a85acf2a32
247573,0,586836f25141cf0ec0e0ceb68d0b3f053cecd114d3f83d45324ab3189987c5a3
247590,0,ca8e42c767dc9076d50eedd26861ca59acf3bdd7c51061072a522e9fdd008a6e
247598,0,9ca1c92f1df60388c2a26b282acf627fdc94b0448c0e6dbe753fdba2b09c17a7
247614,0,65d95ce8173fa961b22331daa6433b09bd9ee3f86971b14bf69485df1e59b8db
247619,0,2dc904f44e10377b4bf8e2da7577c2dc6f540dda6471fc474058d7a10f8b0adf
247627,0,018c56d491d18fb9880139f8622bc5e651b3eb30745e5b812060dd2c1008ddd6
247638,0,c37157eb2dcd4af362c355be0b25a8865602ac957e3a4cdf866ca9c1a54fad64
247663,0,ff58286f1de82c34f2acf2cdcad3d0cd93d1adf376aa93ad0633265b9ccf010f
247682,0,c34b43cf301ce925c62864d5952545115eeb4a498b8bded2e9f92d587b367b51
247693,0,f997b965eb0ad4ef4b48f01ff9e5d5f683ca8e7d326cf8b93bc8ce4e41f1f651
247748,0,c8f7376bbe4f059a4fdff7fdfb6eaaace677b356c5ce12baeaa454a426c71146
247763,0,40b4739ea8b88fa79f4af6035d9332468bba1726a6167bd52dd89e5794604eff
247770,0,290cc77efd5e118a5e32eb5f8b991daf50cf51ea81e88e745213cc796a71b6d0
247784,0,7ee91599b06f9f51534a80a972f14fbf378a8536e815a00b3051926dae8d4216
247785,0,efe9b690414f06d1a016b65852749bb8c539b883468a9ad5a210cf59b555f9f6
247808,0,7677dd28f38fe930a0fcc8d91cd95e5ef5076c27775d9b57f72b5d1b62747f82
249227,0,e05af79aa34be06f8a15fe683a4ab8d46f34e0866abbf868edd13437d91fbd2a
249235,0,b150b5a04eb0f4501b02c9aedc92c95ad3317b8f66a48072ab5a7adf1cfaa436
249291,0,67014afa82281bb0dcfbe33c799432094c83d6f817f895c10064d3d4c49e4171
249296,0,095b0ad8b3c00a56b633b80111bad9fa418c95307f8b37e0961a8ab53365095a
249343,0,abaf20a0c259d50901aed9c1b11e342ec8589d8857ea367c283de6b06a14bf00
249358,0,8694bd433c754ad14ca17d0d76366f0ed6599ca00fc2a7d61fd4437c748ba20e
249360,0,794d42e38981fca30f99d5ef3869cb758a762746d8a340606244a7090def0901
249375,0,f87b8bbc948ae360224ba007bf5db4631b1d12a73d519aa18fde0ba0e721d8fd
249392,0,b60525ecefb7580a844dbe37c207d87d0a5d9e1a05548661a4827dda20c7ee52
249410,0,9aa6b2d03a6f565b69dee65308c878355fc12e5ce5f82df8278f4fc98489b756
249421,0,b03e074f51e77a2e404ca30779e3e7b6a493047ee9b70bc6bb9838e039f55a48
249498,0,576496e7de37965e1a8e9c5b8953ab429339e4a5b0f04f5804f66cd4a7483bb9
249499,0,0b5f3f4a806d11cda30145d42f9d022fd1d077ba95606e92229eb44d8894215c
263443,0,386c82af3f4288f3c1129146ee36ad9596c4570747fa790e4790fff59e060f17
267908,0,979423894a5adc3bbebe74dc382526281829bdbffb4c8e5dbe4e102bcb863283
272055,0,7e2ebfedae3018f3da60f1b0894b84051e6dd49d3c065b8e860d8673f7bad340
272073,0,ba2be35d5b620c8aa7beac5da41646a6a311fd78dbd80b27a7f63152b9b8ceee
272077,0,0410f7b9b93c9e3b3117d45019ebb1e4cde76128bee3ae7319304c71e0263490
272094,0,b3e3bd88398459e31803e53d783c30a2129c3dea8f8aa72077846ef41db1812b
272109,0,9abb0a66da49213bf81cbebc05ef494497defaf41e9afeff569d2ee4e479de07
272507,0,b58bcb9e3f1935f8fe8b15f752acd5a203fd9fb57a9453d60873331b4c880776
273200,0,fb03e2709c0d71d48154a2bbb9e8b0f4c332c1d592cfaaaaafc218b96984c63b
277760,0,0d4d738cd508b71aaf0174b465e04e4a9e2b5d5ccd6f7a338c1617d908e51148
277777,0,173f86c4e0c6566668962588fbc19d5871888ba0f3cfdc9c0121408b692beb9e
277782,0,95e59daa2593c21631f13b1eea3db10a58d2d2bb372969c80207ff9676bf2fad
277798,0,2991d2e00923d7d28019205cc4905a02768f728e538a4bb84cfdbbb3678dbb24
277807,0,5501f809d69931436f439ba534ea28a524e1311e3b884f1aaf7dd9ac732857d7
277827,0,ca87a46fce11e1b453be4688fff966099bec95819d4032790b358f0c4e0fcbe5
277830,0,6539401e77803d675d9a7f96957f5be71de05b0656f5d3a822db4b451b2f908a
277831,0,d8e5e21b7d7c862b1e9bea8345708b94486eafe7b0afdcc4179a6d27f1b34e7a
277834,0,f7b415f9385b50e99b436716871401ee5f9d9ab2b4a3ac60016d3240ecc223c8
277849,0,251fbadf14bb0636d70c0d8efb2050b663beb9d83cf1895d215557564dccd217
277855,0,230188a2b42888191ecc72c7f174bbd2018053afa23702a507427a2a06cf06fc
277864,0,1dd05c95f7564ac40ec02c2f72bc61e723f72bf50b2cde0b6fc835d87fdbce64
277873,0,7269d301c1ccce7a3cbbe704bb4e2d9b9615a498f898bce3a1b8a7b211a3b5da
277880,0,6f6b320396a8fc5a08e62a9f17e2d9318153d359f66315ae7bd6053de377ee1f
277896,0,f87dbfa2ceab138157869ba24fa0392aecd0af28316efc43289040be9aa62d5f
285996,0,2e0cd3c9121940121f77b71d59e0e86a0613d6f1112200340a61be177213d077
286036,0,bd09cfef666606277193f97c4f190d9dedf2139a4bdcf0ec4f2a66842e64c814
286105,0,f0ebc84a053119f92cc762772f6e74938af8d7cd0ef6ccbc0f9ec3322740d876
286138,0,26b6ae3957e3ec83f7631ba6990b18a78b17facbc502c8e74b0cbf12ab65a5a0
286140,0,0cedc021026eead03539a4831550e1d53544aaad6b03a0f7b297c37f203c8009
286152,0,7fd54f6fe079966edd3b1ca4333f6f1d9fcd5309b01fbad25d125e909aeaa289
286157,0,9591ff6ccd743de65d88873363a542cb238f6b1b4bc24b454bb6f5f38ccf4f43
286169,0,12d1f13f3fc0ce6ad698f3ce54c1cefabd9a2c5f28e1562ce3426755a9b47a24
286271,0,afc1e8f4ea4108c60f545dbb46b7b85182e38e176829b5136b8e23860d4749d1
286283,0,a7b943b39e58bf46d3ab11838d2f5e14adb18b91cc31d75a2931698f9d0c028e
286285,0,a63f5dcc61c03e46974761105d22c489ab2b48965557af2840c224bbe6534caf
286296,0,b2afa95ddf01d7d0e4cca3801cab795c4d01e6375ee6e30b425c432c9e23ec1d
286325,0,cbf1f19c946bbde41adafb59c427ef012f515ba11d07934f323e7f45ae213436
286327,0,4391a0e223e1985cb48edf6b060ba89fc103981ccad75022b0714a3db9651289
286347,0,3a7605466e7d90da2f588d78a4863e389d6e74f1ee51f67c4786df8ac82e6dd3
286368,0,cef28ceaf42bf9bd9b14732781d5a5de66bf73ecf0a648c662c932195886aa3e
286370,0,04f237565235158145e7c67691a4b009cd341d40c9408253f03a28e1ac7da7d7
286376,0,4eab69334fa84d6c065c77a91c3c0b9dec709c16dbceabd61373ff1a365cbefd
286377,0,f5b275354ed2197de977632a95f5d2907211a691a1cb8dd937146a1f4c405645
286381,0,0f1f40e65c19b1a7b08213333a7400ab0e3ba86f84a57b4f833a2ff7cf5f86b3
286567,0,061999203953170d2ef21f284e6431cbb3f3df277649b0f1893def1a09c39de2
286585,0,cc6a771f0416531a04849df952fc4e1bad1d72368a7c0d8310bf080d9bde3d0b
286595,0,2a43513a10c981cf363cd49183ad74aced304333fc2acafbc18ba0bf910eb7a3
286620,0,5b51c73d579178122f0594f9e9eb5700ec86ed6c7d31ea25a126e5421eb21663
286623,0,bfc2b31ce8041c93e48ee82d2e5487d3fd7aaa3d6c7a3c0db2c951ab0f22cff7
286626,0,7f6aa446fd58c9ecceac715e1e8def46b2a2279546cfdeb12fe204c488574df7
286691,0,5f8e30da999869b5a97a24047c358879a5577cbda78b825c943b62b7647b3d1d
286730,0,6e6a27992f4d293776fe3421e34962ffd2e2c32386b6f201373eace890e2da68
286742,0,80319b2bfc1894bf726f675e4a958f8ba4650379232c0a5b247f91b6e0cae44f
286795,0,c0828388d18f24e0fa3ec33fa02b783a05237f081adc7e12f967e0d46c4fa70e
286822,0,50a865436b054fa4295b8b8d5ee3e7ef7afbd1de780d10dffd76acdc1439a34d
286832,0,c3c4f923786d2c7079dc8169ceea131aca8a52c018fb423fd873314d576e8b4a
286862,0,9b7babb1918f508e33acf5c3819aa719770502715b414dbd1eb7b2176b153a6a
286863,0,6b29dc9ec3e19027226fdef6607ca2632751ea4f5773314f51b8a65c7dd82158
286872,0,e00e646fb59e82b0926c3a1d6ab32d40f9fd1f313d6cc851cebf1f41da346df8
286885,0,b7261b6c76af463b83344299522d77ae240baabc65783f981bd8b40a199ac094
286892,0,78356a2066e30607c22fc36de1fa371d5f4bc6842fab91dab9a2962e4039752f
286938,0,a692b76356926bbc57c50ee3972f9a8cb084161f45629160f8242cb29d221947
286943,0,c44399c65e9e7e37cd95eb3a1bd7020024af99c9ce06205d7520dc5693a29647
286984,0,61da53e63ea1813e9f2f52c662599cad9214b4f6c23cdec40bf3586f546311ce
286993,0,44a0cdc6d33d1ae59a775ff41b03f0339ab214fa24e66a00222d3b814b4ca9c0
287001,0,7f6aa446fd58c9ecceac715e1e8def46b2a2279546cfdeb12fe204c488574df7
287018,0,1dc4d1f2d56d1e770c468886d53c3141e2b9869c5dc6dc0d480d1f064eaa907f
287034,0,6f0fe4eb2f655e169c0a8dcaf85f977116ae5c60d88c8b042cd711cd3102cfea
287041,0,1cba5e42322d4a7946a8aaf9bf11a5ee545826532dd43458c1a50e80e8e2b106
287080,0,77f2521c3b4f35e5eb656675b6bd04f275d2b77430622a3fb3579e6734b8ceef
287086,0,c46411325fb939519b3ba397f9967f83db67f1df545ae0010b99ac13c72302f3
288588,0,b852ad94be8252555a3d02d582254739ca58875b1ba535b65b56876be319ec18
288613,0,02b80f421bf7404eb726c2963432de79555c380b1155f9881ad8a3ba7d9725c1
288636,0,11a6105103617bb32f3f0c036042f22367ae36630e97a29c765ad51cc1791acb
288700,0,aa76e3e9a040658f76190ede794b64006985d44b6325fa4fc7c34d4899f3e32a
288701,0,bc2fbf471071b39e77cbcdf9e91796ebb52bc4c817861a6a726e1a7fffb836a8
288707,0,7651317638fccd3095eb9c2fe467a862b74fa9c176958da4a376831b2f4fc282
288712,0,f8ef8486dc2219d99eeb5379aa07121cd46e56a9ea381298d9fe835fae37b7bd
288713,0,ac3aeaf49f686213dbde74698600998b55e765cdc458b44d75059f0ec52f002f
288726,0,2ebfd7e840e1374ed5f35691a6e8535ce8a69342e703762c7f2200b5ebce25af
288735,0,91ab57708305b699f623063b947139da4f36c40ea5ad9f4bfa233cd86e80f71a
288747,0,a485ea48ea784ef8665f6f4d76325c2df4b43c251aae358fc7289591abb29179
288771,0,97208f640edaf9e81948b4a2ffcd91813feaece07cf454f2b5947a600fe092f5
288794,0,81eaf8c7fb3aa787784705c830578f47fda5a0c90c1ee4fa3b5dc5da8d0b26b9
288802,0,2766bede30a58eea3b153bf2b4220fe843d8c9bec50a92ce5afddf0c30e0d3d1
288830,0,a759e6d740e029da8a78afee39262b05065485c576bd20353101293730c210f0
288838,0,25f21008831946408c8bf4535db42eb877155c45ac2055ae020d13e8c096e93d
288867,0,ffd39513d9748478070010c4b3d773e4dc71eed595041d82983661859bed9d04
288871,0,109b95cad819806ebe0c954d07e646d13cf96ea051bcedb42a8aa238f3d626d9
288873,0,1abedfe4dbc77526399be506d662b9f195b80c963969b7af32038177378e7284
288875,0,5dbc1ae32e8f5bfa4ad4368f43f12de2829dc3b871529972339940dfda602342
288908,0,fc58706eb6c2898cb248981850f79e1ceb22088b0f3fac9626ff653e06625549
288923,0,a89309487821e8fab3de33159e37a23f2c1cd218f83d2f1c0ae04d06f769492c
288930,0,63dbe5c671e708d81d7c327210cf7386839bf2e5de9625d1c7c95741f3a6465d
288954,0,d7b5f0c8d676105136a38a194606f0c39a78e349d319a2c55760d1953c411fde
288981,0,174fef77eadec7f941ee7738180df0de7cb30ae7834cf911cc7aea1ccd6cb841
289143,0,c82b85154ef436f1f7680660416b1d5266b8ca1d433393b40cbcb4482efc9516
289153,0,97208f640edaf9e81948b4a2ffcd91813feaece07cf454f2b5947a600fe092f5
289174,0,664beccbabe27334c896a07c75d58c697c4ad914da98c44f10d5b3f0cf81e9fa
294223,0,5d84a7ba440d61d453d0b6deb4e60f3bd479db10f9ae15d2212c8a67ae89dd43
301450,0,244ea8155ab4ecc73f902b46fead557fb114864d07640ba85100281494479cdc
301497,0,abc86d57d195264ee9c59a0072122552f8e957291cfd554ac8bf43776434f1b0
301927,0,4fe1ce0c662a87aa16ddc84717cd6b296e29d40045fd24f8d8fb760d8ad6fc27
302133,0,5d84a7ba440d61d453d0b6deb4e60f3bd479db10f9ae15d2212c8a67ae89dd43
302254,0,6d8cbe69fa9b88f69a4682f77790b53510e16800f1e9367b3175864354a95ec9
302987,0,611e3975c9afeb7e855f72ddb4f8de49e1d1acc3e153bdc4b299c884cc303906
303225,0,4985107c4e0cba45238d372baab67a2281afeb47030a0b1b43dcd8123da4ef73
303253,0,fee92af1ff0f22b72c28e16e792ce514803b606d6749962d7b08c3f1c39e6bab
303281,0,b557e5abdf69a46c9d455f72e261d58054825ece9bc2a93f1bf49694fd98a832
303303,0,458c897e72f4a159efa207e5a0f36e6356ca6e6e655b92d731530c695fa43d8f
303397,0,417fc55dd2beceff961638f793aad8737f72bca13b8b759bebea84fa8b9bd51d
303618,0,0ebb12db63a431df930f5a174b50fbc181c9148fb6a57c140c21a5b4d6ff8310
303834,0,4fe1ce0c662a87aa16ddc84717cd6b296e29d40045fd24f8d8fb760d8ad6fc27
304360,0,e420c8f1bd542340bccb5e10558a84b51d828b37dc12fe78a515cb597025d0d5
305104,0,5d84a7ba440d61d453d0b6deb4e60f3bd479db10f9ae15d2212c8a67ae89dd43
315714,0,5d84a7ba440d61d453d0b6deb4e60f3bd479db10f9ae15d2212c8a67ae89dd43
316647,0,5d84a7ba440d61d453d0b6deb4e60f3bd479db10f9ae15d2212c8a67ae89dd43
318360,0,d08097adf5d31ea51f766494a185de214e73c262848b26b08810b5ea4ae53d62
318405,0,7e2ebfedae3018f3da60f1b0894b84051e6dd49d3c065b8e860d8673f7bad340
318417,0,9f83811dd8c2c7c2f220431afd14ef7b411bd64856e9818c8cb41ef43346e073
318418,0,ed3288a318693a1ab982b170d9853fd877f2e3459c88b4bf369aa7849d23da39
318424,0,4bdc78152c3e64c72737461b39a23e78ec4bcf242a4d74263b86890fc7734d7a
318428,0,d6f08fd45c95fbe5498024e6363e77b84f1604463fa8b75476b10667a0a7046a
318479,0,e1f56aff77c1ee1cca512e0cf1912609fca19a3497944c5062cc1082f3028758
318589,0,0de374c0e8ae20abef428bded72a321da7eb6e42aa99f83b323a883f79e17667
318612,0,24d798c9b4491db3ff5f916d9ab558704622ef77e4b52495290865ba4646ae4c
318613,0,03fb68921d12924b3e89bc472f8d6880176a47c7ba124547b375acd560df290d
318622,0,3aa551337ae0f7107d7c880646bb579595fd674f5edc678ed558e0d9fd15378f
318630,0,5e19d1d4cf573aa9fe4b53b44f10a4659d2547025b6ee73dde60427c93d24658
318647,0,1288d89d043e966bec497c4f7892c136cc4bbe7c73f6257ab58d70409da576b8
320224,0,10db1712800ecb32bd7c6b4f8826e498dab96104d17357e5d90a46d52e65a7e1
328033,0,78356a2066e30607c22fc36de1fa371d5f4bc6842fab91dab9a2962e4039752f
328040,0,979423894a5adc3bbebe74dc382526281829bdbffb4c8e5dbe4e102bcb863283
328066,0,1173582d73ec8a48aef832ed93ba469f47cef7c883617e2a1fed4db34df73139
328298,0,198fd4a422ae4eee4e151547200eb6816df916f03b542916ecc834afd6b2cb35
328379,0,77f2521c3b4f35e5eb656675b6bd04f275d2b77430622a3fb3579e6734b8ceef
328530,0,7f6aa446fd58c9ecceac715e1e8def46b2a2279546cfdeb12fe204c488574df7
328587,0,c3c4f923786d2c7079dc8169ceea131aca8a52c018fb423fd873314d576e8b4a
328705,0,cbf1f19c946bbde41adafb59c427ef012f515ba11d07934f323e7f45ae213436
328723,0,7492109a2bd3d0c52fa14851f597add56cfe692d0bae96a74d1625c5d25a9ebb
329711,0,708daa5a1edda0dee186c8758ba5a61270dc00d09d828e2b477e8c213368f17e
332185,0,5d84a7ba440d61d453d0b6deb4e60f3bd479db10f9ae15d2212c8a67ae89dd43
332941,0,3e811b5c7ae79c046cef3cf1b688be50ace921c343b59b334784a78448148faa
333012,0,095b0ad8b3c00a56b633b80111bad9fa418c95307f8b37e0961a8ab53365095a
333017,0,d4e9ca911f402b69730b6d2e2eb5546a297d5dd76ae8049abe549a0f1d91fd64
333036,0,329112149cb2523247b49a7bcdd8a95ec771289656ae6ae396687defd4e43cdd
333169,0,65d95ce8173fa961b22331daa6433b09bd9ee3f86971b14bf69485df1e59b8db
333171,0,2dc904f44e10377b4bf8e2da7577c2dc6f540dda6471fc474058d7a10f8b0adf
338347,0,979423894a5adc3bbebe74dc382526281829bdbffb4c8e5dbe4e102bcb863283
338419,0,1173582d73ec8a48aef832ed93ba469f47cef7c883617e2a1fed4db34df73139
342411,0,78356a2066e30607c22fc36de1fa371d5f4bc6842fab91dab9a2962e4039752f
354700,0,65d95ce8173fa961b22331daa6433b09bd9ee3f86971b14bf69485df1e59b8db
355827,0,fe2f33e1e4f7f8679757acd8ce8df4d86df93cb9bc5bb9a4dddea5636da7701f
355911,0,ed0904c7d579b4549a4812c850ea463f8d53b49e6d80d2ab5af370c1d0f59dce
355912,0,ecaa9925bf957ba1d128f0bf1ba02e115f27ffdb53dcbe67a4c1b4c456ecb6d4
355913,0,1c3821a3c476181579450be2dc0065b43bcc4a4ef981b300149846204334d6ee
356246,0,90b4d124d10214f6faceab7a3fa4455fd05c918391869d4a68aa1042c6fbe5fe
356382,0,1c3821a3c476181579450be2dc0065b43bcc4a4ef981b300149846204334d6ee
356473,0,6c5f3f9af3457415f04d94e7a51e87182d1ae3fde430379af3e166c3ff13d6c1
356508,0,32216cfb02d0179a033abc668bee658872f71267afa8a724a3a1d7c652d34930
356510,0,d6dd5400c048e014e0cac5ef74e06b0ec9ac1b1274d0a94da4a33f90fd274d4f
356542,0,557836ddc9958d26f8d7dc40e2e037abf90068c8e0878993e7ac8f2aee618f74
356543,0,2dd3beb1c3abedff323afea49ddf501879eab52957fc5409a4dc8dc61a2fecd7
356583,0,0787cb0b5320eab9ff4f198c832b6ea9cc8871ff5081dddcb1262cdc91c9afe5
356638,0,5c714b57849f5db74bec130b5e9bbc29cf30cda81437e82d3e42b5ddeb03cb61
363053,0,979423894a5adc3bbebe74dc382526281829bdbffb4c8e5dbe4e102bcb863283
365317,0,979423894a5adc3bbebe74dc382526281829bdbffb4c8e5dbe4e102bcb863283
378064,0,bd40f285a46fdfee31a2e74fc9751acb094afdd6b77b43d576040796379da7fa
378084,0,f4a0176c289bcbbf425d34e38c15543b60d8f8f4272e854163af7152f34dd739
378149,0,d0a5e8433b1f341dfbcb3b63f62f8e6ebfc1f2f6ba2f4aa2ec2ba806863fa28f
378249,0,53a4fe78da1d20eb0b3bed69f7468c9c8101f2a048fbaeea71224579cdfb9ef1
378775,0,b59f7f5a75a79c695a2795a7fd02ebb72885400f9c11ff49837362705d273789
387907,0,39cf863e5714a705a21fd992c33c2582cb283345f496bfa6c32502d2d460b97d
387918,0,b71803b77197e8a05c319a13656e672d9aa8e430bf2a97c0d12aab6519ce9826
387974,0,640e8804cbdd87823445fccadf256b36d91dcf7b9650a34c53303edb4afad408
387975,0,820de7d78d400a80ab53e5826a2a23cb76e48664296fafefe10b9e51fd1c35f3
387977,0,d007a285d09581186fe4cf5d2974b456dd2cc20618687abe2eab251ad1cfdf3c
388046,0,9d3b9b4e9710821fea99a597760fddae2d8759d8f1d64ad0e3afdff921a4130f
388071,0,061df18dd44d8bd03bd304533d170e8bfa0dfa24080737607c573e101d0e5c65
388487,0,dbceb530a89a3018d698e2be5c719639e8bc4733835cf5f0fd447ba1c8b93e13
388542,0,fbe36b618d523d50c2291c59ee07b69a3f576bb265a59bd119cb0b4cef10fdf8
388700,0,464f46068d40f13a2e59d77ea6dffa7cab3cab4f0751911c2852c4743ecec917
394716,0,979423894a5adc3bbebe74dc382526281829bdbffb4c8e5dbe4e102bcb863283
394719,0,1fb4f04360d7be3acff7c86ff2277a702141b2fc4c0ae467996fb9fa2f5095af
394977,0,456d1fb3e9c971702d5f4fd51f9042ab2d9a9cbfd791278582d4459d9d9dd9ce
394994,0,7e2ebfedae3018f3da60f1b0894b84051e6dd49d3c065b8e860d8673f7bad340
395100,0,0410f7b9b93c9e3b3117d45019ebb1e4cde76128bee3ae7319304c71e0263490
395143,0,1173582d73ec8a48aef832ed93ba469f47cef7c883617e2a1fed4db34df73139
395807,0,f6aba590f4aa1215ee40626beeb4d7cbcdc1309ebf31674765606c0f764c2ad5
395904,0,fad19d91ee5fb133c6b5982764283c246d9b917ab9f095cbb34ddd4b067b56ee
405050,0,7b112e1ae441a04272eb16faf8dade15179681346d98f0658c7a334bc913e4f2
405051,0,74103b51bf40589be282e33b195b0cdc3697ccb949ce2c717401e0fbee06298d
405055,0,3ddbc36c5b319811b1ee6cf4632fa325f9f6c7cb298414bff8394a2b233a81fa
405093,0,3922f8ff92271dabb3bc6b39283b5158b539c0a36f0e3d37bdd4a28701166fd1
405123,0,ed4c9b19327b0f0ff295ec4b7708f703e3de08a2728ca6f964dd1f6af5bc3f24
405134,0,5c5967813d5987c19c6b355ba8da2beffc0b13d4823760084fe1e8f4c9dbbf22
405166,0,119f742dc6f9aaf55507b4e12a3ea7f1f9b2db253b76fdef8aeef4c4bfcd0acc
405169,0,12b936b2223958645301e015c134a11ebdfc3719b86a448c8e65fe48995194b0
405190,0,ed532045882f64009578fbd45ef457ae7c9369b71f648d32833401733079c24b
405204,0,b3ff0442e7fb92ffb113298ff5208966cb9474417e653220f14e95ca2b15579c
405244,0,a8f09e5c8c1ad548864cffa91bdeac78983c5b3dd77656c264aa73582d5b93f3
405253,0,602c7c18ba61c3a6c389c50852f17386d1765fdea9f73c82ea481dde9fff611a
405260,0,dcb4fd5966ce643f476cf7e5593819613fde35a52248b483221cfbdafd894007
405281,0,65b05be5601774a6bf0de38a6a3d90ea7aefad2af3caa33081cf8747ddcbd6f2
405296,0,37187a11a500f52bbbaa874b4c92405db8c27a5e104a09a1421fec6e1efed214
405304,0,bc447d920c4d1344e2994eeb585efebe782c9d3404393e7e7b46a8639b869d40
405344,0,cca1d627015eafebf7169d07864c3f0d128f8a7abb01c0e469538c9260e5ab6b
405364,0,12b936b2223958645301e015c134a11ebdfc3719b86a448c8e65fe48995194b0
405366,0,119f742dc6f9aaf55507b4e12a3ea7f1f9b2db253b76fdef8aeef4c4bfcd0acc
405402,0,0b99e6355b9a7e324e5b10928e52da34a4a2dc710bab2f33a849bd72b39d4c2c
405418,0,2339f0d7d6a00c0293cfec135531e13e2c7edda5d3b9b12615447783bf665e5b
405440,0,bb069f1a5d2fb10a7300a5c865048b290e6ec24b01029567dd06b1ea198da841
405443,0,1fc2ebf9f9dd2d2fa373784a2f1cc7c562bdc2d1d5eff2a889decabaa9e447cd
407989,0,6bfd4812c25235dd09e532ba1dddb23cc276f0e884ff6ea4ca3953b90e9d6755
408071,0,0d8b5c665e6d09601c4ecee783458fcdbc45612129dc95028af29a8763112719
408072,0,270fc667b0bb4076cbcca3e0d5a0285727d13673d5072c1044c5fccb9daa9f41
408095,0,78dee96ff08bcf11405c3a801c793a1f4c716986d41754a77a5b412bf4ba59df
408096,0,42d996dcd5b94bfda18436b462ade82936657447edb5c17584204f4ef48677d1
408099,0,4c3174a250b199031079018124c34a6edc9f9991598dfe4c8dea5181848a028a
408117,0,89f96bd2d28ab9caa1c7bcd1e9b4ce1ccefa8893601b264b38ffefcbb7fb39ac
408143,0,90d7ae1fa331ec3e806eefc1a490c055d8786c75b68e6a2c766484af9a9485be
408150,0,2f1724daa78097570bc5143c4eff2ec40435997921c866b30dcbb8918141cbca
408168,0,6a7557069052bb26cd692fdd0f736ae817bd05622c039c0a5e4f8b3a06d8a3e4
408190,0,093922b10285f6c91f5763ca2e1c46d54763e29a9ccdcde496e35b13a2335297
408235,0,f5dbe59de374f58030cd2a4718f122dabe27f0bc6d2ef43bed41469c010e49d6
408249,0,59e2304d1271765012fce761289fc0aa4a87f4d134f742262d744ada902aa529
408250,0,755e716c826d0b5a2562a50f4b17d4e4ba1018ba0b84cafbcc3f28af6e9f9174
408289,0,c7c99b03e50a540adb89d8296b9ef28695956d42780a7a4efd8396508f7763d7
408341,0,251c8b9e63e2be5eddc861e49441c1f88a8e6fcf2e6cf6207e45a5c0ed72e05b
408361,0,0bf2a1576a0eecae25eecbb964da81e3e176ea277ec4404d1afac0a25edb4036
408377,0,326a59482a110b897decb3df8002582e545db2427b437b4c94ed8767840bdabe
408407,0,62dcb24d45137b986d50a472205c3d042dfc911ddd29a7a044e3a70c77803f0a
408409,0,5a50c11a191c10b772a6a6fe54847d486205eead99d380db3efda55cf0e17a75
408468,0,7147a8a43c41e5e7407e9a40884727fea51d5964b59f543753c458eda5ff64e2
408556,0,394fa7f8b1b262669cfe1368021fa9473f07ab7c09f56e7cb9482a5eeaf42379
408567,0,6b0c73207d6bc996914abb54713782a95f23a02386a7126bde5a9c5a521dbd75
408593,0,ce2421cd24a39486bcf71fc0f266f50275ff6a19698f273b2b405b4ab100f1fa
408623,0,18536f53221a2177943c84711793f6679dea939228c8c3883403ffaf29cb9708
408724,0,386c82af3f4288f3c1129146ee36ad9596c4570747fa790e4790fff59e060f17
408888,0,8947abcb35af2aff8835b4e5f391fa18d2ec24d63f1749067f4cb1c8d4fe409b
446651,0,979423894a5adc3bbebe74dc382526281829bdbffb4c8e5dbe4e102bcb863283
446876,0,78356a2066e30607c22fc36de1fa371d5f4bc6842fab91dab9a2962e4039752f
447271,0,29f37f091616976ad49c4a340d029259adacb09a49cee6f89900c7d485f0ff89
447327,0,04f237565235158145e7c67691a4b009cd341d40c9408253f03a28e1ac7da7d7
453445,0,300efc58d5858835cf761caf77d3a83292852034bc3886a4ae89cd349207d483
458980,0,5d84a7ba440d61d453d0b6deb4e60f3bd479db10f9ae15d2212c8a67ae89dd43
470398,0,5d84a7ba440d61d453d0b6deb4e60f3bd479db10f9ae15d2212c8a67ae89dd43
478075,0,c94a96ad9cd6d407abdfa2d208c3e027347d022200f8a1bf34efd48f27371605
478087,0,5f0ff7aaf5a9fe93f0007fd096a1a2e1cd92633edd2257ce214951e01721a863
478120,0,1d1bba82fcd14735650441a5a9f962b9a94e2597240fcb69eaddec462d432f18
478129,0,cbf36171c942f4ac6e4a63e91a382527d8fd5fb8c0168b49ed600e2a701a3cfc
478216,0,33abf78fc7b43f302e442c5f59632801a34169c38a01c69ad6e29a42ab073b61
478693,0,5d84a7ba440d61d453d0b6deb4e60f3bd479db10f9ae15d2212c8a67ae89dd43
484650,0,155235b592beb70dbd1d096aac0b8ef7897f32f5326b45f9d4ba2e59ee82b91c
485653,0,5d84a7ba440d61d453d0b6deb4e60f3bd479db10f9ae15d2212c8a67ae89dd43
486254,0,5d84a7ba440d61d453d0b6deb4e60f3bd479db10f9ae15d2212c8a67ae89dd43
488950,0,78356a2066e30607c22fc36de1fa371d5f4bc6842fab91dab9a2962e4039752f
488951,0,ed5fd7ab77c29bb80564069d7eed492e536f17a2ea5252e6b64c592c9323f7f3
488956,0,963e2b544df17bb5bd0a8b64b5770952ed61b4d30135a57f0a4ced3386282474
488964,0,aa5f0ba19ea2031431bec64e5ae58accfb6ce719bfaf5b77ca6f7ca6dcc32cf8
488968,0,2d016133776853fb8428ceb7e3e63ae9e5d55f36af831103ed7b6cc0a4e0b642
488995,0,66a9de828629cf57ce9387ff7275a921be63c406ed239ef50f24d056b07f4511
488997,0,03dfd773bac8fb579bb9d487c1aeb1222845105b6c69849fa411037c1177101b
489009,0,d52989177341f244b6546464463a9c64bb5f5c186ec4ed6948c0c041f293503b
489028,0,ac57bd595b700f5b34b9fc5ccc0f3f60b3d69a6d304e8a2d9f750ee383640f40
489066,0,b98eadbe88d7d5d4d96749c51355ce4e6eee059e8bf8c6efbaec23e0c22fdee1
489069,0,44f0cab2067e1da3bbe440097bb62ae8c3ed220d5a172bd180ae51ba9c541386
489070,0,dbb32059dd08daaf249643f473a4cd1b42701ed49f2193a0f11532fff5ffe530
489072,0,a663c1feed55c0cb724607eb8911d290969894ddaae783911c39f1748728ccb4
489081,0,c3c7968d61490ccc34a6cd881eeeb537246028aacbc108b4b8f91201aa687459
489083,0,0a48c305b5b203cca6f484ad61129f960e1080a9d028a2245276bd2c97f185fd
489109,0,0f1f40e65c19b1a7b08213333a7400ab0e3ba86f84a57b4f833a2ff7cf5f86b3
489120,0,04f237565235158145e7c67691a4b009cd341d40c9408253f03a28e1ac7da7d7
489163,0,d91349319eb33fae862095f47aa6949da9a25b7ecf06d50acbf24a5c98819426
489172,0,77f2521c3b4f35e5eb656675b6bd04f275d2b77430622a3fb3579e6734b8ceef
489204,0,583b556aa5caaea2dd55cf0fb859761eb2c86bb1ff168a7dfe876deb9fc96caf
494705,0,d91349319eb33fae862095f47aa6949da9a25b7ecf06d50acbf24a5c98819426
496158,0,5d84a7ba440d61d453d0b6deb4e60f3bd479db10f9ae15d2212c8a67ae89dd43
496418,0,5d84a7ba440d61d453d0b6deb4e60f3bd479db10f9ae15d2212c8a67ae89dd43
496429,0,f364670560c8c7caa0a7d542f181846812564d0b307f35061e734f4c742200f3
496469,0,95e0cf33ac8946f7c1245b8425714492dcf7c5444058d5455080a99624f1ac82
496491,0,65d95ce8173fa961b22331daa6433b09bd9ee3f86971b14bf69485df1e59b8db
496655,0,5d84a7ba440d61d453d0b6deb4e60f3bd479db10f9ae15d2212c8a67ae89dd43
496965,0,5d84a7ba440d61d453d0b6deb4e60f3bd479db10f9ae15d2212c8a67ae89dd43
497523,0,5d84a7ba440d61d453d0b6deb4e60f3bd479db10f9ae15d2212c8a67ae89dd43
497737,0,5d84a7ba440d61d453d0b6deb4e60f3bd479db10f9ae15d2212c8a67ae89dd43
499501,0,5d84a7ba440d61d453d0b6deb4e60f3bd479db10f9ae15d2212c8a67ae89dd43
500264,0,824a9b06964a681eb2b66fa551ebb5defffab793c81c91bf2d58bfd104ff76f9
501125,0,5d84a7ba440d61d453d0b6deb4e60f3bd479db10f9ae15d2212c8a67ae89dd43
501360,0,5d84a7ba440d61d453d0b6deb4e60f3bd479db10f9ae15d2212c8a67ae89dd43
510046,0,979423894a5adc3bbebe74dc382526281829bdbffb4c8e5dbe4e102bcb863283
510200,0,65d95ce8173fa961b22331daa6433b09bd9ee3f86971b14bf69485df1e59b8db
513090,0,5d84a7ba440d61d453d0b6deb4e60f3bd479db10f9ae15d2212c8a67ae89dd43
514855,0,0f1f40e65c19b1a7b08213333a7400ab0e3ba86f84a57b4f833a2ff7cf5f86b3
520789,0,0f1f40e65c19b1a7b08213333a7400ab0e3ba86f84a57b4f833a2ff7cf5f86b3
521077,0,78356a2066e30607c22fc36de1fa371d5f4bc6842fab91dab9a2962e4039752f
522562,0,386c82af3f4288f3c1129146ee36ad9596c4570747fa790e4790fff59e060f17
522627,0,d0abd03d76cf85fd35cf5571b018b27e32db7ac79f48299d31cdff3a4194f6fe
522628,0,77f2521c3b4f35e5eb656675b6bd04f275d2b77430622a3fb3579e6734b8ceef
522647,0,7f6aa446fd58c9ecceac715e1e8def46b2a2279546cfdeb12fe204c488574df7
522653,0,c3c4f923786d2c7079dc8169ceea131aca8a52c018fb423fd873314d576e8b4a
522667,0,cbf1f19c946bbde41adafb59c427ef012f515ba11d07934f323e7f45ae213436
522676,0,08d3447d373f66e276b76baf11873d62c6367dd0642748cb53f38246013936d2
524597,0,c681e376061ad14577a4607073c8701885e02058524eb2c0b18e6ffc39cd354b
530453,0,979423894a5adc3bbebe74dc382526281829bdbffb4c8e5dbe4e102bcb863283
530463,0,680aa1ee00b7f1a5126e8bc40cd5ca32c082e3633c15f65a8d5e22f3f263e842
530560,0,1173582d73ec8a48aef832ed93ba469f47cef7c883617e2a1fed4db34df73139
530591,0,4f672773e29767262ee2cfdd7d367a46f0827e9d6a62806c7eafb867c51f45cb
530650,0,029c7d7ba46d4299119fda64679f4225ec66fa6d3eff48d7517aaafa0a2ad8ee
530664,0,bd00a66fd8cf08baabfb2adc38b32f709ecbe6336b3cdd52d32349d3e77c68e5
530740,0,a1e63b7b01897f0bf47483681c8c86ebf65d21c3672453c005d2cbb1f27b1ff7
530762,0,c164044d3c7cddc410a16c4d088d9b8664c954f28bf1427e1867cdb7f1ab3a17
530765,0,c0f210de900afc4e53bf0de20f21a457c3939207cd39adddd14edf52f09f770d
530897,0,098edbf64e6b725856f1efb2f70ee5b342cc4fb55ec34bc44a866f79c0588f96
530902,0,b19d6734d5ac9c55ad265a8b60f931c41870f01085d1506dfa978543dbf23cea
530959,0,19aa376649fb82c609874ca69d27ff0a4d113c99c2d5038eac432f3fe46c2951
531195,0,5d84a7ba440d61d453d0b6deb4e60f3bd479db10f9ae15d2212c8a67ae89dd43
557035,0,65d95ce8173fa961b22331daa6433b09bd9ee3f86971b14bf69485df1e59b8db
557092,0,0f1f40e65c19b1a7b08213333a7400ab0e3ba86f84a57b4f833a2ff7cf5f86b3
562253,0,a6a862f429063edbe11dc225e822f19707b76f6876f14e004f636872f253c09d
562273,0,56ebb6309d3fdcf621c46a8c44f850ef10a821b5e4e080458cc68e789d200387
562274,0,966f993fcd74134a2432eb58d34e82db4694dbaf7317196691a1c11ff86a1c4d
562295,0,8489f0cff07a66fef03e120eb45261c9b747f5786deb54376099ecdff497972c
562296,0,2cc4524bb887cfec35b232467ba9de12aac6412336118624f76f2cd3444dbff7
562308,0,15932543919ede3568848180f6a88e080dbdb3324ee4216f9e384d4d4f707f0a
562309,0,f77c9190e8712d48cfef3fa39b8937156c6ffbcfcc79a5e6f21ecb38f7a30a63
566495,0,5d84a7ba440d61d453d0b6deb4e60f3bd479db10f9ae15d2212c8a67ae89dd43
567359,0,5d84a7ba440d61d453d0b6deb4e60f3bd479db10f9ae15d2212c8a67ae89dd43
568329,0,5d84a7ba440d61d453d0b6deb4e60f3bd479db10f9ae15d2212c8a67ae89dd43
569548,0,5d84a7ba440d61d453d0b6deb4e60f3bd479db10f9ae15d2212c8a67ae89dd43
574575,0,6da7f00ac58523cc57a1f92076bd9cff295bba9e43d3b8ffb87b103509bcdc52
574609,0,6d400c515769d760105ae8d1df0f2d06452ad6f6cc69be9675c893b3dd40af47
574612,0,a2ac3f510be780ae008475f72eee039e077518ddc1c9e7aebb9bfaeba53cb255
574616,0,1c15c3956603786fcb3dfd23719a39733f926f0a9e02ca3883d8352a5f168eaa
576087,0,386c82af3f4288f3c1129146ee36ad9596c4570747fa790e4790fff59e060f17
576484,0,0410f7b9b93c9e3b3117d45019ebb1e4cde76128bee3ae7319304c71e0263490
576561,0,7e2ebfedae3018f3da60f1b0894b84051e6dd49d3c065b8e860d8673f7bad340
582536,0,9d3b9b4e9710821fea99a597760fddae2d8759d8f1d64ad0e3afdff921a4130f
589260,0,36884785b616162e254dc6c906e90fea804e38b7b04214e5bb2fdd3810233fd3
589431,0,4972ac8e5bc1b217dbeea03b4f6915049f12aad301df74b795a162b348adb725
589516,0,63bdaa7d9821c0412678ac7eed4be323a54b7b8e54e165b8a4299eb86f578ed3
589570,0,b9c219279da1943144d5a63f28e844cfa7578937ae93fa4fd7face789d5bd3af
589622,0,73913872c9c90592e882d217540f189c30c30e6843a153281262f060320c80c7
589629,0,127f8d696c68cabaaf075f44ba010efffd61be71fb9d33851d38b1d7f5b36106
589707,0,5348cc5cad2b66573da9fbeee549f0eb5ba0e7c2d54c00d6a657c97eb3fff403
589825,0,0cb586156690338bea8fdd754b13d8a65cda8b4c9c56398fc9b2958601f60fca
589924,0,37a06be2b320102a65087596a1d6af4de9b2e91ef6378da1d06776b418e59fd3
590106,0,6d5fc4d7b99f1c71560b73476ce0a765c3d7af61c9269de848bc4f315bf109f8
590217,0,d055230ae9f0fa427536c45f00ac737915e6d03ce0cc0ebdf4c2b29b372f57e8
590328,0,3e8ec75eaab21778913796ee6ff922e7cb5c6b7da6aeb5285e29c9925f1e4dfe
590381,0,93317650df4267c4572f7467853a4883a2c8fd6c9baa744b02cc803ed2f0b6ac
590830,0,447b77507ae573ab8fe5e22df03a8cb493cf974c61ebd29082300484022a1b23
590845,0,792d83b03d7c28cf8f1db62cb5b45617e585a0e1864ab18c01ae2ed48f6328db
590888,0,0cb586156690338bea8fdd754b13d8a65cda8b4c9c56398fc9b2958601f60fca
590946,0,1c62e7640afb822c990e74d0b9589997a4c292554a8f5789430edf589d7d197e
590957,0,f73e4fc7ca6666b188226474643dbdf8e2fbe6726b5e1572d514224aa5614d9b
592350,0,5d84a7ba440d61d453d0b6deb4e60f3bd479db10f9ae15d2212c8a67ae89dd43
594359,0,e224f9ab1a54126b1983bec152e3ac9217f9962fbf33101906d3269612bc9376
594375,0,2b2e661aa89f4221a279b90fef468729f74a9637299d519a03b10df5e0ea8248
594384,0,2bb3120dd90ed4370e822c1bee3c5fc2048a7b4db83554a7f75d46d145aa9541
594389,0,cd443758307600e9362b7969f59ed1f96a2f2b76bd186e79ecc79cd6b08fa92c
594390,0,63f847bd78378c166f489f35eca9ce8a815dac8aa073bd346d0b7490c0125ba2
594392,0,d9472609d3456802f8a7f4a605b4885993777d7b57d28b5301fe23b931375c2b
594393,0,c11d867b9731077118042df9228a91ad5a4945eeee4619f1a3120cea1916f90a
594395,0,8c6a6fdbbe6fab0e7741c3577e65de232e53b6cdc5f4485596c525ff77076a15
594437,0,1e575206a2145be70d8d23c10b248043540d05c7c7af297b47b41c713c767f8f
594438,0,62e23b5fbbfb6a35b1d67ee9a0279346f64cb98110be17207345b8714273e656
594640,0,2bb3120dd90ed4370e822c1bee3c5fc2048a7b4db83554a7f75d46d145aa9541
594646,0,2b2e661aa89f4221a279b90fef468729f74a9637299d519a03b10df5e0ea8248
594651,0,1e575206a2145be70d8d23c10b248043540d05c7c7af297b47b41c713c767f8f
594765,0,5d84a7ba440d61d453d0b6deb4e60f3bd479db10f9ae15d2212c8a67ae89dd43
596940,0,5d84a7ba440d61d453d0b6deb4e60f3bd479db10f9ae15d2212c8a67ae89dd43
596941,0,5d84a7ba440d61d453d0b6deb4e60f3bd479db10f9ae15d2212c8a67ae89dd43
600759,0,979423894a5adc3bbebe74dc382526281829bdbffb4c8e5dbe4e102bcb863283
602092,0,5d84a7ba440d61d453d0b6deb4e60f3bd479db10f9ae15d2212c8a67ae89dd43
602486,0,d1d3b46794e110ad1b3bad76b72a8f8d66d412662c108df3be6be9c42b40fab9
602493,0,75636d831c83ccacb1b95d37c65396e6493d35ccc9b107c7d79cade22a2ac0c3
602496,0,57b362367dcc0b1dcaf9219dd110ee04239ede9940a786cfe0c2c9c8a3462c79
602528,0,7a07d59815f38f1ab3255714e1e5e2e98a03eaf8b965195af00a1842b940295a
602532,0,c574ee54ac767519c6f0383fdee6c2e52eb489d95273dc1b11ff77b9c4f57600
602551,0,1caf55155761287df82394d3d475d6a78966bbb9a21bc5b268b83b2d664baeab
602895,0,7e9a4f2073ff72acecb830939e6146061b13bfe8c612bbcdb6e4c14f8c54a352
603084,0,f4862a61654825804a0ef472a04fea2131a4358d306619edc1d3b3fc35699df5
603093,0,d14fe4ca88ab83a55ae884fc44a5d803ed0cf8c463ed6f38038befd958cf6b61
604977,0,ceeb696cb10d54b6d886c12af4257f49b52ceee4485bba90122ba1049532bf76
604990,0,b51af3a58c534936414c945c156a3631cff787d61c63492b3774dee8a9509dd3
605701,0,d47d833137ab87f908397ae68e2b7b848be0d85587e03f8c3bff2f59d87c143c
612018,0,3690139cb31f67b57c6626203e3a287ce99f0d8e6351325c6859a39ba82f5b45
617187,0,79d4e6ba0810cdf983066eb4d8bd94fd9cd3c9677cfdf5eb12ccf9887a31fb8e
617262,0,f91fea036b19323e398763eedd39fbd9065cc59eb1660baddde2ff7bb41583bc
617263,0,b1d47db335e895fb4be918e3a813d58a522e5da95359869cdbf781951d7bc878
617278,0,43222719b062244a63bb1931c35509f12d8add63a590f06183369d9f0b797f38
617281,0,322a6054b33f83de38bf7c9f9606bde07cb2e1e2f9dd7216add94b31d2c9ef3e
617283,0,2a4a7e1a6004e3e3296ee09a0969c245aad48cee822478d0d01f15b5c9dfe287
617295,0,e99f0a8d20320758d84dcc2495f5c5b2ce1251548028b60c03f6a205d49b1bdb
617656,0,3b76fe74145de12d6ffeb884dbb3a9f6e83deab1920451ef395ed18445d0ea85
617663,0,a2b5102e51e4ec29fef830cd28bd1259375956f1ee7dfa8823bd4c76e7cee165
617695,0,d4fbd6eeff005c1c669704663c97ebc147fa1781534678780e69c0ee58dcb27a
617790,0,16b14403f3dea564c1d2b09690365e0b331df5cfddd3ef4ffd0430dfab7d84bc
621009,0,dbceb530a89a3018d698e2be5c719639e8bc4733835cf5f0fd447ba1c8b93e13
623208,0,5d84a7ba440d61d453d0b6deb4e60f3bd479db10f9ae15d2212c8a67ae89dd43
634481,0,979423894a5adc3bbebe74dc382526281829bdbffb4c8e5dbe4e102bcb863283
634555,0,04f237565235158145e7c67691a4b009cd341d40c9408253f03a28e1ac7da7d7
634659,0,78356a2066e30607c22fc36de1fa371d5f4bc6842fab91dab9a2962e4039752f
634776,0,0f1f40e65c19b1a7b08213333a7400ab0e3ba86f84a57b4f833a2ff7cf5f86b3
634918,0,1173582d73ec8a48aef832ed93ba469f47cef7c883617e2a1fed4db34df73139
635221,0,77f2521c3b4f35e5eb656675b6bd04f275d2b77430622a3fb3579e6734b8ceef
635429,0,7f6aa446fd58c9ecceac715e1e8def46b2a2279546cfdeb12fe204c488574df7
635553,0,c3c4f923786d2c7079dc8169ceea131aca8a52c018fb423fd873314d576e8b4a
636503,0,ca5b84c781b1577b8aad22dcca4de4a36b31bf88021f668a50d9fa5dfc2d8e52
645066,0,2f29235f7c600dc1c07fc5dd3c73a59af76f8dd5470f50739037b8287946600c
645178,0,6927ffdb60a9156bdfd1b8c812c6a90a0a69fc2c64086680a33e56f5ef2b4baa
645200,0,3ea09d9050dea1d63e927c3dc9196861b869e1fc5c6743bd4598e0577cb5654b
665532,0,1fd43669a754f58433a64f9ed43aaf7484e41d16bf5c88082cfc53a7a2d131d2
665755,0,ab5cbb52123e94e0a10038188b997ac5ac26df1a00c04157877ce78f1ea1dba3
665823,0,0410f7b9b93c9e3b3117d45019ebb1e4cde76128bee3ae7319304c71e0263490
666196,0,83eadb0a5758a26ec10b883a5af8c8bc3023e3b8134fcc54264eccbbf1f7435c
666274,0,7e2ebfedae3018f3da60f1b0894b84051e6dd49d3c065b8e860d8673f7bad340
666321,0,60a884861524b062ec672d569da3a75dabcf68f467f7d4eed4abf8a6ecc6717d
670088,0,abb4e2528787a76e30028c59804aa57c8b460a5247c683ad5a264f1b845fd2cd
670654,0,e121fc5d6a5eab07e34dad61f188a6fc0074729875a186dbfb272ce4d417c374
670788,0,cd9945792b937fdfea94fb373b9433e0f464bdd11607c0261d4a6491ccb4b1cb
670915,0,80a8324065613c105d8345839eb17a81cb68c8d5fe7a93571a501f5069099830
671110,0,e42abcc4aca7a521d14c6b3a44858fac6cddebad7dac7c4588af74b50260f3c9
671118,0,45e82875ff628639cf283110eaef8fbe31d8171447f83ccd05c43214cbb1d49b
671139,0,229ef94d5b260083e6714c7275114b1285d014f26ff24b9e9faefd27b685c02f
671176,0,4c4d843a8c43b9eee8e94d2faf2cd1b976b0d6031e23f385d1e0e9edeaeb846b
671221,0,8c1ef22d997abe7ed8b93dbc843c7397f122836e347e19591317040a169ea2cd
671347,0,077baf360d5f092beb9639fd4616f6a8b83a0339c4325cae39cc1cf9fde773a3
671360,0,4200f3ac9dc1447a461a77c97795ccc37c8a66202386d988cad419ba267b44f3
671421,0,f088d8ab82f7572655a1707454907dd0e63573a63525c3f8c42a0eb8fa929ada
676980,0,5d84a7ba440d61d453d0b6deb4e60f3bd479db10f9ae15d2212c8a67ae89dd43
678176,0,5d84a7ba440d61d453d0b6deb4e60f3bd479db10f9ae15d2212c8a67ae89dd43
678858,0,322a6054b33f83de38bf7c9f9606bde07cb2e1e2f9dd7216add94b31d2c9ef3e
679752,0,979423894a5adc3bbebe74dc382526281829bdbffb4c8e5dbe4e102bcb863283
679792,0,1173582d73ec8a48aef832ed93ba469f47cef7c883617e2a1fed4db34df73139
679826,0,029c7d7ba46d4299119fda64679f4225ec66fa6d3eff48d7517aaafa0a2ad8ee
679837,0,bd00a66fd8cf08baabfb2adc38b32f709ecbe6336b3cdd52d32349d3e77c68e5
680368,0,5d84a7ba440d61d453d0b6deb4e60f3bd479db10f9ae15d2212c8a67ae89dd43
680841,0,5d84a7ba440d61d453d0b6deb4e60f3bd479db10f9ae15d2212c8a67ae89dd43
680992,0,5d84a7ba440d61d453d0b6deb4e60f3bd479db10f9ae15d2212c8a67ae89dd43
681281,0,5d84a7ba440d61d453d0b6deb4e60f3bd479db10f9ae15d2212c8a67ae89dd43
681533,0,20b7e753fd4250b6976340d7318f12f4eaed988d340333066870d730382b3982
681602,0,4c867c3ea953530a3b58badcc9dfc169a94d96a3ce47aa04982060b5c045d2d3
681640,0,6a1d73b12585e3d3d81d415bc30fce363a6a2618b3a5973d2403b51d96be81f9
681651,0,101d1d8af5eb203c0e28909c18b85b44d8ae0e2225a00707b80784897ca59111
681663,0,30a2323a6d387e3c30e5bec6b18f10a027f3f96292cb8fc286f3d012348515f0
681674,0,5fd249fa0c6c5980ab8bb754d770657eb65e6b3ca45ea10087446e736ca00b51
681694,0,6a7037836d16fd2ede24ae843cf23332941dde1be9d10dbf9bc7f86690e56425
681877,0,5d84a7ba440d61d453d0b6deb4e60f3bd479db10f9ae15d2212c8a67ae89dd43
693170,0,5f2bbd25bd9ef3ddb398a9e85a6a4c3e885f73936dfb2829061897341af914c6
693415,0,a30fabe9481a431fad239c6ca5dbb3fbe1c8646ced1a7451c3e069c1041abcba
693463,0,9f8d9252ff5e99a17e718f86a04847d83a36164d3fb41927f0248cd326ee278a
693470,0,69b6ade83587b07694c9f47a641bae6da89c3ec22f2399897f03e3cdbf58a365
693600,0,6e9c7a005623c24b8f48c1f72c6f0ab4ed75364b2a2cbca5ec199649eea2a607
693843,0,8526da930b82ae72daa6b9d42ada3e813cbb2aeb6711ce8b9781a578ac5b0b8d
693848,0,8526da930b82ae72daa6b9d42ada3e813cbb2aeb6711ce8b9781a578ac5b0b8d
695251,0,20f2b7c71361d5b6f07e52d2be7d3cd345e7d1849bf9572710193719084c88df
712938,0,0410f7b9b93c9e3b3117d45019ebb1e4cde76128bee3ae7319304c71e0263490
713314,0,7e2ebfedae3018f3da60f1b0894b84051e6dd49d3c065b8e860d8673f7bad340
713648,0,464f46068d40f13a2e59d77ea6dffa7cab3cab4f0751911c2852c4743ecec917
720931,0,1173582d73ec8a48aef832ed93ba469f47cef7c883617e2a1fed4db34df73139
720998,0,2dc904f44e10377b4bf8e2da7577c2dc6f540dda6471fc474058d7a10f8b0adf
721001,0,65d95ce8173fa961b22331daa6433b09bd9ee3f86971b14bf69485df1e59b8db
721089,0,979423894a5adc3bbebe74dc382526281829bdbffb4c8e5dbe4e102bcb863283
724407,0,5d84a7ba440d61d453d0b6deb4e60f3bd479db10f9ae15d2212c8a67ae89dd43
728116,0,1173582d73ec8a48aef832ed93ba469f47cef7c883617e2a1fed4db34df73139
728143,0,979423894a5adc3bbebe74dc382526281829bdbffb4c8e5dbe4e102bcb863283
728325,0,78356a2066e30607c22fc36de1fa371d5f4bc6842fab91dab9a2962e4039752f
728472,0,2b47b642dbaf5f844d7b4f0f135610287733c88748e3e9112debe33a968a4de1
728554,0,77f2521c3b4f35e5eb656675b6bd04f275d2b77430622a3fb3579e6734b8ceef
728690,0,a39bf1faf83fcff11808d333ab931c95db8f88b82094e740e70f3f5f7b1731ed
728703,0,7f6aa446fd58c9ecceac715e1e8def46b2a2279546cfdeb12fe204c488574df7
728798,0,c3c4f923786d2c7079dc8169ceea131aca8a52c018fb423fd873314d576e8b4a
729004,0,cbf1f19c946bbde41adafb59c427ef012f515ba11d07934f323e7f45ae213436
729033,0,d52949ef17612d0223da82470eaab7ced8fce33dca2cd131de36c420a1f8667b
729066,0,d71ab5452b03be5ff4f73f9103b91bf4bd0afad6e566af7c50f5cc8a198290eb
733164,0,3690139cb31f67b57c6626203e3a287ce99f0d8e6351325c6859a39ba82f5b45
733639,0,7f62ad6315f94cd8b9cf8c5c7506ba702d39890f4c8d809f45f0342e06d64868
734356,0,5d84a7ba440d61d453d0b6deb4e60f3bd479db10f9ae15d2212c8a67ae89dd43
735508,0,5d84a7ba440d61d453d0b6deb4e60f3bd479db10f9ae15d2212c8a67ae89dd43
736439,0,5d84a7ba440d61d453d0b6deb4e60f3bd479db10f9ae15d2212c8a67ae89dd43
737476,0,5d84a7ba440d61d453d0b6deb4e60f3bd479db10f9ae15d2212c8a67ae89dd43
741007,0,7e2323f7e7b7aa248e290b64bf20720e09c88c431349171f386889a48134e32d
741015,0,5987535de2d8e81f145245e8041628e2a6f0453e05ec04f7130c256dcc6258e8
741325,0,7b9df0f0bab9eeaa155307826b9a6279d743cf030cceafd587ec9a3a0b447c72
741346,0,6d89e2eaa6485b426e74c597b9d8b1e08a2644cccb3e55181f103cbf78fc0d04
741416,0,278d17bff73c540956a8766e0849d4df791100ea1e82613dc93bd9f8c74141f0
741433,0,2ebdfcf4a0799981658125b7b07984cb484544791ab889336bf083dd879be27b
742322,0,f455c5866d6006900030b3a2354dc61d3c9fdf7e4e1f64d7c3d97c2573fab0e4
742946,0,5d84a7ba440d61d453d0b6deb4e60f3bd479db10f9ae15d2212c8a67ae89dd43
748260,0,39eba624e485dbfcdc2345bcf5dd925319a001b361cdd62e600c6d7a42f734a8
748982,0,8c34b69e61098e0a6251a83b99a8383b67b2f90ec8b349f8c6c11253fd06de9b
749022,0,8e9b3d086125b2517af4afec495e38dcda534a7523de1eb13df62f8db927e921
749896,0,099d890f450299875287dec97160173f169b6760bb7458067c821d0e8ec0e5bd
749997,0,ce01c9f98a51dde61daf41259a737b265b81c5075a3d8193abb4215ed131cc6e
